scenario,interval_id,begin,end,edge_id,speed,traveltime,occupancy,entered,left
scen1,ed_port_scen1,0.0,60.0,22690115,13.44,57.91,0.38,2.0,0.0
scen1,ed_port_scen1,0.0,60.0,559367542,7.16,8.99,1.14,0.0,2.0
scen1,ed_port_scen1,60.0,120.0,1187557612,11.31,8.39,0.2,1.0,0.0
scen1,ed_port_scen1,60.0,120.0,22690115,13.36,58.15,0.62,2.0,2.0
scen1,ed_port_scen1,60.0,120.0,22690125#0,10.52,9.51,0.79,2.0,2.0
scen1,ed_port_scen1,60.0,120.0,22690125#1,10.63,9.57,0.78,2.0,2.0
scen1,ed_port_scen1,60.0,120.0,22690125#2,11.06,7.97,0.41,2.0,1.0
scen1,ed_port_scen1,60.0,120.0,559367542,7.18,8.97,1.13,0.0,2.0
scen1,ed_port_scen1,60.0,120.0,668507066#0,13.42,1.39,0.21,1.0,1.0
scen1,ed_port_scen1,60.0,120.0,668507066#1,13.29,3.13,0.21,1.0,1.0
scen1,ed_port_scen1,60.0,120.0,668507066#2,13.24,11.31,0.21,1.0,1.0
scen1,ed_port_scen1,120.0,180.0,1187557611,12.96,3.76,0.34,2.0,1.0
scen1,ed_port_scen1,120.0,180.0,1187557612,10.03,9.49,0.49,2.0,2.0
scen1,ed_port_scen1,120.0,180.0,22690115,13.34,58.29,0.62,2.0,2.0
scen1,ed_port_scen1,120.0,180.0,22690125#0,11.14,8.98,0.75,2.0,2.0
scen1,ed_port_scen1,120.0,180.0,22690125#1,11.1,9.15,0.75,2.0,2.0
scen1,ed_port_scen1,120.0,180.0,22690125#2,10.59,8.31,0.97,2.0,2.0
scen1,ed_port_scen1,120.0,180.0,22740417#0,9.5,0.23,0.48,2.0,2.0
scen1,ed_port_scen1,120.0,180.0,22740417#1,11.3,0.45,0.49,2.0,2.0
scen1,ed_port_scen1,120.0,180.0,22740417#5,10.07,0.26,0.55,2.0,2.0
scen1,ed_port_scen1,120.0,180.0,22740434#0,13.47,13.47,0.41,2.0,2.0
scen1,ed_port_scen1,120.0,180.0,22740434#1,13.45,1.85,0.41,2.0,2.0
scen1,ed_port_scen1,120.0,180.0,22740446#5,11.37,2.83,0.24,1.0,1.0
scen1,ed_port_scen1,120.0,180.0,559367542,6.77,9.5,1.2,0.0,2.0
scen1,ed_port_scen1,120.0,180.0,657270567#0,11.38,4.71,0.24,1.0,1.0
scen1,ed_port_scen1,120.0,180.0,657270567#1,11.29,18.67,0.18,1.0,0.0
scen1,ed_port_scen1,120.0,180.0,668507066#0,13.31,1.42,0.42,2.0,2.0
scen1,ed_port_scen1,120.0,180.0,668507066#1,13.37,3.1,0.42,2.0,2.0
scen1,ed_port_scen1,120.0,180.0,668507066#2,13.16,11.34,0.42,2.0,2.0
scen1,ed_port_scen1,120.0,180.0,92848439#0,11.36,2.92,0.24,1.0,1.0
scen1,ed_port_scen1,120.0,180.0,92848439#1,11.07,0.66,0.25,1.0,1.0
scen1,ed_port_scen1,120.0,180.0,92848439#2,10.12,2.66,0.28,1.0,1.0
scen1,ed_port_scen1,180.0,240.0,1187557611,13.11,3.72,0.93,2.0,3.0
scen1,ed_port_scen1,180.0,240.0,1187557612,11.14,8.55,0.5,2.0,2.0
scen1,ed_port_scen1,180.0,240.0,1211925690,12.77,3.17,0.32,1.0,1.0
scen1,ed_port_scen1,180.0,240.0,22689399#1,11.16,1.31,0.37,1.0,1.0
scen1,ed_port_scen1,180.0,240.0,22689399#2,10.94,0.13,0.38,1.0,1.0
scen1,ed_port_scen1,180.0,240.0,22689399#3,11.08,0.02,0.38,1.0,1.0
scen1,ed_port_scen1,180.0,240.0,22690115,13.32,58.32,0.63,2.0,2.0
scen1,ed_port_scen1,180.0,240.0,22690125#0,9.82,10.19,0.85,2.0,2.0
scen1,ed_port_scen1,180.0,240.0,22690125#1,10.0,10.2,0.77,2.0,1.0
scen1,ed_port_scen1,180.0,240.0,22690125#2,11.1,7.92,0.54,1.0,2.0
scen1,ed_port_scen1,180.0,240.0,22740417#0,11.25,0.2,0.18,2.0,2.0
scen1,ed_port_scen1,180.0,240.0,22740417#1,13.0,0.39,0.43,2.0,2.0
scen1,ed_port_scen1,180.0,240.0,22740417#5,11.21,0.24,0.49,2.0,2.0
scen1,ed_port_scen1,180.0,240.0,22740434#0,13.42,13.53,0.41,2.0,2.0
scen1,ed_port_scen1,180.0,240.0,22740434#1,13.4,1.86,0.41,2.0,2.0
scen1,ed_port_scen1,180.0,240.0,22740446#5,10.29,3.11,0.54,2.0,2.0
scen1,ed_port_scen1,180.0,240.0,559367542,7.06,9.1,1.15,0.0,2.0
scen1,ed_port_scen1,180.0,240.0,657270567#0,10.32,5.22,0.54,2.0,2.0
scen1,ed_port_scen1,180.0,240.0,657270567#1,10.27,20.54,0.48,2.0,2.0
scen1,ed_port_scen1,180.0,240.0,657270567#2,10.81,23.6,0.38,2.0,1.0
scen1,ed_port_scen1,180.0,240.0,668507066#0,13.3,1.41,0.42,2.0,2.0
scen1,ed_port_scen1,180.0,240.0,668507066#1,13.57,3.05,0.41,2.0,2.0
scen1,ed_port_scen1,180.0,240.0,668507066#2,13.22,11.32,0.42,2.0,2.0
scen1,ed_port_scen1,180.0,240.0,669284456,5.45,10.11,0.57,1.0,0.0
scen1,ed_port_scen1,180.0,240.0,669284459,10.43,6.93,0.8,1.0,1.0
scen1,ed_port_scen1,180.0,240.0,669284465,10.66,4.37,0.39,1.0,1.0
scen1,ed_port_scen1,180.0,240.0,92848439#0,10.79,3.08,0.77,3.0,3.0
scen1,ed_port_scen1,180.0,240.0,92848439#1,10.55,0.7,0.68,3.0,2.0
scen1,ed_port_scen1,180.0,240.0,92848439#2,8.7,3.05,0.65,2.0,2.0
scen1,ed_port_scen1,240.0,300.0,1187557611,13.19,3.74,0.32,1.0,1.0
scen1,ed_port_scen1,240.0,300.0,1187557612,9.61,9.89,0.61,2.0,2.0
scen1,ed_port_scen1,240.0,300.0,1211925690,11.72,3.47,0.7,2.0,2.0
scen1,ed_port_scen1,240.0,300.0,22689399#1,10.97,1.34,0.75,2.0,2.0
scen1,ed_port_scen1,240.0,300.0,22689399#2,10.68,0.14,0.77,2.0,2.0
scen1,ed_port_scen1,240.0,300.0,22689399#3,10.29,0.02,0.81,2.0,2.0
scen1,ed_port_scen1,240.0,300.0,22690115,13.34,58.24,0.63,2.0,2.0
scen1,ed_port_scen1,240.0,300.0,22690125#0,10.14,9.87,0.82,2.0,2.0
scen1,ed_port_scen1,240.0,300.0,22690125#1,10.1,10.06,0.88,2.0,3.0
scen1,ed_port_scen1,240.0,300.0,22690125#2,9.77,9.02,0.85,2.0,2.0
scen1,ed_port_scen1,240.0,300.0,22740417#0,10.29,0.22,0.34,2.0,2.0
scen1,ed_port_scen1,240.0,300.0,22740417#1,12.18,0.42,0.46,2.0,2.0
scen1,ed_port_scen1,240.0,300.0,22740417#5,9.98,0.28,0.4,2.0,2.0
scen1,ed_port_scen1,240.0,300.0,22740434#0,13.38,13.57,0.38,2.0,1.0
scen1,ed_port_scen1,240.0,300.0,22740434#1,13.06,1.91,0.21,1.0,1.0
scen1,ed_port_scen1,240.0,300.0,22740446#5,11.27,2.85,0.49,2.0,2.0
scen1,ed_port_scen1,240.0,300.0,559367542,7.75,8.27,1.05,0.0,2.0
scen1,ed_port_scen1,240.0,300.0,657270567#0,11.22,4.79,0.5,2.0,2.0
scen1,ed_port_scen1,240.0,300.0,657270567#1,11.15,18.91,0.5,2.0,2.0
scen1,ed_port_scen1,240.0,300.0,657270567#2,10.88,23.43,0.65,2.0,3.0
scen1,ed_port_scen1,240.0,300.0,668507066#0,12.92,1.47,0.43,2.0,2.0
scen1,ed_port_scen1,240.0,300.0,668507066#1,13.4,3.09,0.41,2.0,2.0
scen1,ed_port_scen1,240.0,300.0,668507066#2,13.18,11.29,0.42,2.0,2.0
scen1,ed_port_scen1,240.0,300.0,669284456,4.84,11.51,1.09,1.0,2.0
scen1,ed_port_scen1,240.0,300.0,669284459,9.36,7.64,1.77,2.0,2.0
scen1,ed_port_scen1,240.0,300.0,669284465,10.24,4.56,1.17,3.0,2.0
scen1,ed_port_scen1,240.0,300.0,92848439#0,10.95,3.05,0.25,1.0,1.0
scen1,ed_port_scen1,240.0,300.0,92848439#1,10.87,0.69,0.37,1.0,2.0
scen1,ed_port_scen1,240.0,300.0,92848439#2,9.3,2.84,0.6,2.0,2.0
scen1,ed_port_scen1,240.0,300.0,92848448#0,5.1,4.41,3.26,2.0,2.0
scen1,ed_port_scen1,240.0,300.0,92848448#1,5.55,22.96,1.51,2.0,1.0
scen1,ed_port_scen1,240.0,300.0,92848448#1.170,5.5,20.52,1.25,1.0,0.0
scen1,ed_port_scen1,240.0,300.0,E11,3.47,0.99,2.47,1.0,1.0
scen1,ed_port_scen1,240.0,300.0,E12,5.51,5.08,1.42,1.0,1.0
scen1,ed_port_scen1,240.0,300.0,E13,5.02,0.61,1.57,1.0,1.0
scen1,ed_port_scen1,300.0,360.0,1187557611,12.87,3.75,0.64,2.0,2.0
scen1,ed_port_scen1,300.0,360.0,1187557612,9.46,10.05,0.47,2.0,2.0
scen1,ed_port_scen1,300.0,360.0,1211925690,11.92,3.38,0.69,2.0,2.0
scen1,ed_port_scen1,300.0,360.0,22689399#1,10.95,1.38,0.75,2.0,2.0
scen1,ed_port_scen1,300.0,360.0,22689399#2,11.69,0.12,0.71,2.0,2.0
scen1,ed_port_scen1,300.0,360.0,22689399#3,11.49,0.02,0.73,2.0,2.0
scen1,ed_port_scen1,300.0,360.0,22690115,13.38,58.01,0.62,2.0,2.0
scen1,ed_port_scen1,300.0,360.0,22690125#0,9.39,10.64,0.89,2.0,2.0
scen1,ed_port_scen1,300.0,360.0,22690125#1,9.45,10.79,0.89,2.0,2.0
scen1,ed_port_scen1,300.0,360.0,22690125#2,9.68,9.13,0.86,2.0,2.0
scen1,ed_port_scen1,300.0,360.0,22740417#0,8.86,0.24,0.64,2.0,2.0
scen1,ed_port_scen1,300.0,360.0,22740417#1,10.52,0.48,0.53,2.0,2.0
scen1,ed_port_scen1,300.0,360.0,22740417#5,9.68,0.26,0.56,2.0,2.0
scen1,ed_port_scen1,300.0,360.0,22740434#0,13.31,13.64,0.45,2.0,3.0
scen1,ed_port_scen1,300.0,360.0,22740434#1,13.34,1.87,0.42,2.0,2.0
scen1,ed_port_scen1,300.0,360.0,22740446#5,9.81,3.28,0.57,2.0,2.0
scen1,ed_port_scen1,300.0,360.0,559367542,7.13,9.04,1.14,0.0,2.0
scen1,ed_port_scen1,300.0,360.0,657270567#0,9.89,5.44,0.56,2.0,2.0
scen1,ed_port_scen1,300.0,360.0,657270567#1,9.81,21.47,0.59,2.0,2.0
scen1,ed_port_scen1,300.0,360.0,657270567#2,10.84,23.53,0.26,2.0,1.0
scen1,ed_port_scen1,300.0,360.0,668507066#0,13.25,1.42,0.42,2.0,2.0
scen1,ed_port_scen1,300.0,360.0,668507066#1,13.28,3.12,0.42,2.0,2.0
scen1,ed_port_scen1,300.0,360.0,668507066#2,12.89,11.54,0.43,2.0,2.0
scen1,ed_port_scen1,300.0,360.0,669284456,5.27,10.51,1.77,3.0,2.0
scen1,ed_port_scen1,300.0,360.0,669284459,10.29,6.99,1.61,2.0,2.0
scen1,ed_port_scen1,300.0,360.0,669284465,10.09,4.58,0.47,1.0,2.0
scen1,ed_port_scen1,300.0,360.0,669871307#0,5.45,0.04,0.25,1.0,1.0
scen1,ed_port_scen1,300.0,360.0,669871307#1,5.27,26.62,0.04,1.0,0.0
scen1,ed_port_scen1,300.0,360.0,92848439#0,9.62,3.44,0.58,2.0,2.0
scen1,ed_port_scen1,300.0,360.0,92848439#1,9.97,0.76,0.55,2.0,2.0
scen1,ed_port_scen1,300.0,360.0,92848439#2,9.35,2.88,0.6,2.0,2.0
scen1,ed_port_scen1,300.0,360.0,92848448#0,5.22,4.41,3.23,2.0,2.0
scen1,ed_port_scen1,300.0,360.0,92848448#1,5.08,24.97,4.8,2.0,2.0
scen1,ed_port_scen1,300.0,360.0,92848448#1.170,4.85,23.36,2.35,2.0,1.0
scen1,ed_port_scen1,300.0,360.0,92848448#1.291,5.43,2.65,1.54,1.0,1.0
scen1,ed_port_scen1,300.0,360.0,92848448#1.312,5.45,16.6,1.53,1.0,1.0
scen1,ed_port_scen1,300.0,360.0,92848448#2,5.49,4.23,1.52,1.0,1.0
scen1,ed_port_scen1,300.0,360.0,92848448#2.33,5.38,15.09,1.55,1.0,1.0
scen1,ed_port_scen1,300.0,360.0,92848448#3,5.17,0.04,1.61,1.0,1.0
scen1,ed_port_scen1,300.0,360.0,E11,4.16,0.69,4.28,2.0,2.0
scen1,ed_port_scen1,300.0,360.0,E12,5.56,5.01,2.84,2.0,2.0
scen1,ed_port_scen1,300.0,360.0,E13,4.71,0.59,3.42,2.0,2.0
scen1,ed_port_scen1,360.0,420.0,1187557611,13.09,3.68,0.63,2.0,2.0
scen1,ed_port_scen1,360.0,420.0,1187557612,9.89,9.56,0.73,2.0,2.0
scen1,ed_port_scen1,360.0,420.0,1211925685,6.85,0.8,0.6,2.0,2.0
scen1,ed_port_scen1,360.0,420.0,22690115,13.35,58.25,0.62,2.0,2.0
scen1,ed_port_scen1,360.0,420.0,22690125#0,11.23,8.92,0.74,2.0,2.0
scen1,ed_port_scen1,360.0,420.0,22690125#1,11.22,9.05,0.74,2.0,2.0
scen1,ed_port_scen1,360.0,420.0,22690125#2,10.31,8.56,0.94,3.0,2.0
scen1,ed_port_scen1,360.0,420.0,22740417#0,10.02,0.22,0.56,2.0,2.0
scen1,ed_port_scen1,360.0,420.0,22740417#1,11.54,0.44,0.48,2.0,2.0
scen1,ed_port_scen1,360.0,420.0,22740417#5,9.54,0.28,0.44,2.0,2.0
scen1,ed_port_scen1,360.0,420.0,22740434#0,13.39,13.56,0.41,2.0,2.0
scen1,ed_port_scen1,360.0,420.0,22740434#1,13.47,1.86,0.42,3.0,2.0
scen1,ed_port_scen1,360.0,420.0,22740446#5,9.8,3.28,0.57,2.0,2.0
scen1,ed_port_scen1,360.0,420.0,542415702,11.51,5.25,0.0,1.0,0.0
scen1,ed_port_scen1,360.0,420.0,542415708#0,10.46,0.02,0.8,2.0,2.0
scen1,ed_port_scen1,360.0,420.0,542415708#1,12.13,0.65,0.68,2.0,2.0
scen1,ed_port_scen1,360.0,420.0,542415708#2,12.65,2.03,0.66,2.0,2.0
scen1,ed_port_scen1,360.0,420.0,542415708#3,9.67,0.4,0.85,2.0,2.0
scen1,ed_port_scen1,360.0,420.0,542415708#4,8.52,0.02,0.49,1.0,1.0
scen1,ed_port_scen1,360.0,420.0,542415708#6,10.64,0.23,0.79,2.0,2.0
scen1,ed_port_scen1,360.0,420.0,559367542,6.82,9.44,1.19,0.0,2.0
scen1,ed_port_scen1,360.0,420.0,626699047,12.57,3.79,1.32,2.0,2.0
scen1,ed_port_scen1,360.0,420.0,626699047.59,13.34,0.4,1.25,2.0,2.0
scen1,ed_port_scen1,360.0,420.0,626699047.67,13.44,3.19,1.24,2.0,2.0
scen1,ed_port_scen1,360.0,420.0,657270567#0,9.46,5.68,0.59,2.0,2.0
scen1,ed_port_scen1,360.0,420.0,657270567#1,9.79,21.55,0.46,2.0,2.0
scen1,ed_port_scen1,360.0,420.0,657270567#2,9.73,26.22,0.64,2.0,2.0
scen1,ed_port_scen1,360.0,420.0,668507066#0,13.07,1.46,0.42,2.0,2.0
scen1,ed_port_scen1,360.0,420.0,668507066#1,13.43,3.09,0.41,2.0,2.0
scen1,ed_port_scen1,360.0,420.0,668507066#2,13.08,11.4,0.42,2.0,2.0
scen1,ed_port_scen1,360.0,420.0,669284456,5.21,10.54,0.62,0.0,1.0
scen1,ed_port_scen1,360.0,420.0,669284462,10.71,6.45,0.77,2.0,2.0
scen1,ed_port_scen1,360.0,420.0,669871305#0,5.16,0.04,0.18,1.0,1.0
scen1,ed_port_scen1,360.0,420.0,669871305#1,5.43,13.06,0.17,1.0,1.0
scen1,ed_port_scen1,360.0,420.0,669871307#0,4.69,0.04,0.14,1.0,1.0
scen1,ed_port_scen1,360.0,420.0,669871307#1,5.34,26.24,0.22,0.0,1.0
scen1,ed_port_scen1,360.0,420.0,669871307#2,5.37,7.17,0.26,1.0,1.0
scen1,ed_port_scen1,360.0,420.0,671267430,0.16,45.57,0.14,1.0,1.0
scen1,ed_port_scen1,360.0,420.0,92848439#0,9.66,3.42,0.57,2.0,2.0
scen1,ed_port_scen1,360.0,420.0,92848439#1,9.63,0.78,0.57,2.0,2.0
scen1,ed_port_scen1,360.0,420.0,92848439#2,8.95,2.98,0.62,2.0,2.0
scen1,ed_port_scen1,360.0,420.0,92848448#0,5.34,4.25,1.55,1.0,1.0
scen1,ed_port_scen1,360.0,420.0,92848448#1,5.37,23.92,1.66,1.0,2.0
scen1,ed_port_scen1,360.0,420.0,92848448#1.170,5.36,21.01,3.54,2.0,3.0
scen1,ed_port_scen1,360.0,420.0,92848448#1.291,5.06,2.75,4.9,3.0,3.0
scen1,ed_port_scen1,360.0,420.0,92848448#1.312,5.15,17.48,4.85,3.0,3.0
scen1,ed_port_scen1,360.0,420.0,92848448#2,5.09,4.53,4.9,3.0,3.0
scen1,ed_port_scen1,360.0,420.0,92848448#2.33,4.9,16.57,3.02,2.0,1.0
scen1,ed_port_scen1,360.0,420.0,92848448#3,4.83,0.04,1.72,1.0,1.0
scen1,ed_port_scen1,360.0,420.0,E11,3.92,0.8,4.43,2.0,2.0
scen1,ed_port_scen1,360.0,420.0,E12,5.77,4.81,2.71,2.0,2.0
scen1,ed_port_scen1,360.0,420.0,E13,4.81,0.59,3.4,2.0,2.0
scen1,ed_port_scen1,420.0,480.0,1187557611,13.02,3.71,0.95,3.0,3.0
scen1,ed_port_scen1,420.0,480.0,1187557612,10.9,8.74,0.44,2.0,2.0
scen1,ed_port_scen1,420.0,480.0,1211925684,13.34,2.87,0.42,2.0,2.0
scen1,ed_port_scen1,420.0,480.0,1211925685,9.01,0.58,0.46,2.0,2.0
scen1,ed_port_scen1,420.0,480.0,1211925690,12.46,3.12,0.66,2.0,2.0
scen1,ed_port_scen1,420.0,480.0,1443544287#0,13.27,0.78,0.94,3.0,3.0
scen1,ed_port_scen1,420.0,480.0,1443544287#1,13.45,3.25,0.52,3.0,2.0
scen1,ed_port_scen1,420.0,480.0,22690115,13.4,58.01,0.63,2.0,2.0
scen1,ed_port_scen1,420.0,480.0,22690125#0,11.54,8.67,0.72,2.0,2.0
scen1,ed_port_scen1,420.0,480.0,22690125#1,11.56,8.8,0.72,2.0,2.0
scen1,ed_port_scen1,420.0,480.0,22690125#2,11.14,7.89,0.86,2.0,2.0
scen1,ed_port_scen1,420.0,480.0,22740417#0,10.16,0.2,0.46,2.0,2.0
scen1,ed_port_scen1,420.0,480.0,22740417#1,11.38,0.44,0.49,2.0,2.0
scen1,ed_port_scen1,420.0,480.0,22740417#5,11.21,0.23,0.49,2.0,2.0
scen1,ed_port_scen1,420.0,480.0,22740434#0,13.39,13.56,0.41,2.0,2.0
scen1,ed_port_scen1,420.0,480.0,22740434#1,13.3,1.88,0.62,2.0,3.0
scen1,ed_port_scen1,420.0,480.0,22740446#5,10.19,3.15,0.55,2.0,2.0
scen1,ed_port_scen1,420.0,480.0,542415702,13.48,4.48,0.61,2.0,3.0
scen1,ed_port_scen1,420.0,480.0,542415708#0,10.54,0.02,0.4,1.0,1.0
scen1,ed_port_scen1,420.0,480.0,542415708#1,12.0,0.65,0.35,1.0,1.0
scen1,ed_port_scen1,420.0,480.0,542415708#2,12.58,2.02,0.33,1.0,1.0
scen1,ed_port_scen1,420.0,480.0,542415708#3,9.41,0.41,0.46,1.0,1.0
scen1,ed_port_scen1,420.0,480.0,542415708#4,10.88,0.02,0.76,2.0,2.0
scen1,ed_port_scen1,420.0,480.0,542415708#6,10.63,0.23,0.39,1.0,1.0
scen1,ed_port_scen1,420.0,480.0,559367542,7.1,9.06,1.15,0.0,2.0
scen1,ed_port_scen1,420.0,480.0,626699047,12.76,3.73,1.3,2.0,2.0
scen1,ed_port_scen1,420.0,480.0,626699047.59,13.35,0.4,1.25,2.0,2.0
scen1,ed_port_scen1,420.0,480.0,626699047.67,13.29,3.23,1.25,2.0,2.0
scen1,ed_port_scen1,420.0,480.0,657270567#0,10.09,5.34,0.55,2.0,2.0
scen1,ed_port_scen1,420.0,480.0,657270567#1,9.99,21.09,0.72,2.0,2.0
scen1,ed_port_scen1,420.0,480.0,657270567#2,9.59,26.61,0.56,2.0,2.0
scen1,ed_port_scen1,420.0,480.0,668507066#0,13.47,1.39,0.41,2.0,2.0
scen1,ed_port_scen1,420.0,480.0,668507066#1,13.33,3.11,0.42,2.0,2.0
scen1,ed_port_scen1,420.0,480.0,668507066#2,13.2,11.32,0.42,2.0,2.0
scen1,ed_port_scen1,420.0,480.0,669284456,4.3,12.76,1.94,2.0,2.0
scen1,ed_port_scen1,420.0,480.0,669284462,12.0,5.79,0.61,2.0,1.0
scen1,ed_port_scen1,420.0,480.0,669871305#0,4.98,0.04,0.56,3.0,3.0
scen1,ed_port_scen1,420.0,480.0,669871305#1,4.75,14.97,0.28,2.0,0.0
scen1,ed_port_scen1,420.0,480.0,669871307#0,5.31,0.04,0.66,2.0,2.0
scen1,ed_port_scen1,420.0,480.0,669871307#1,5.02,27.91,0.83,3.0,3.0
scen1,ed_port_scen1,420.0,480.0,669871307#2,5.13,7.48,0.81,3.0,3.0
scen1,ed_port_scen1,420.0,480.0,92848439#0,10.14,3.27,0.55,3.0,2.0
scen1,ed_port_scen1,420.0,480.0,92848439#1,10.12,0.74,0.55,2.0,2.0
scen1,ed_port_scen1,420.0,480.0,92848439#2,8.72,3.07,0.64,2.0,2.0
scen1,ed_port_scen1,420.0,480.0,92848448#0,4.18,5.51,4.0,2.0,2.0
scen1,ed_port_scen1,420.0,480.0,92848448#1,4.22,30.04,2.24,2.0,0.0
scen1,ed_port_scen1,420.0,480.0,92848448#1.170,5.2,21.63,0.85,0.0,1.0
scen1,ed_port_scen1,420.0,480.0,92848448#1.291,5.16,2.74,1.62,1.0,1.0
scen1,ed_port_scen1,420.0,480.0,92848448#1.312,5.33,16.91,1.56,1.0,1.0
scen1,ed_port_scen1,420.0,480.0,92848448#2,5.3,4.38,1.61,1.0,1.0
scen1,ed_port_scen1,420.0,480.0,92848448#2.33,5.36,15.09,3.46,2.0,3.0
scen1,ed_port_scen1,420.0,480.0,92848448#3,5.27,0.04,3.49,3.0,3.0
scen1,ed_port_scen1,480.0,540.0,1187557611,13.2,3.72,0.63,2.0,2.0
scen1,ed_port_scen1,480.0,540.0,1187557612,10.66,8.83,0.48,2.0,2.0
scen1,ed_port_scen1,480.0,540.0,1211925684,13.4,2.86,0.41,2.0,2.0
scen1,ed_port_scen1,480.0,540.0,1211925685,9.32,0.56,0.44,2.0,2.0
scen1,ed_port_scen1,480.0,540.0,1211925690,13.06,3.04,0.63,2.0,2.0
scen1,ed_port_scen1,480.0,540.0,1443544287#0,13.49,0.77,0.31,1.0,1.0
scen1,ed_port_scen1,480.0,540.0,1443544287#1,13.35,3.27,0.3,1.0,2.0
scen1,ed_port_scen1,480.0,540.0,22690115,13.34,58.23,0.63,2.0,2.0
scen1,ed_port_scen1,480.0,540.0,22690125#0,10.17,9.83,0.82,2.0,2.0
scen1,ed_port_scen1,480.0,540.0,22690125#1,10.0,10.18,0.83,2.0,2.0
scen1,ed_port_scen1,480.0,540.0,22690125#2,10.77,8.2,0.54,2.0,2.0
scen1,ed_port_scen1,480.0,540.0,22740417#0,11.54,0.2,0.15,2.0,2.0
scen1,ed_port_scen1,480.0,540.0,22740417#1,13.01,0.39,0.43,2.0,2.0
scen1,ed_port_scen1,480.0,540.0,22740417#5,11.52,0.23,0.47,2.0,2.0
scen1,ed_port_scen1,480.0,540.0,22740434#0,13.44,13.51,0.41,2.0,2.0
scen1,ed_port_scen1,480.0,540.0,22740434#1,13.29,1.88,0.42,2.0,2.0
scen1,ed_port_scen1,480.0,540.0,22740446#5,11.13,2.87,0.5,2.0,2.0
scen1,ed_port_scen1,480.0,540.0,542415702,13.09,4.63,0.57,3.0,2.0
scen1,ed_port_scen1,480.0,540.0,542415708#0,11.19,0.02,1.12,3.0,3.0
scen1,ed_port_scen1,480.0,540.0,542415708#1,12.3,0.64,1.02,3.0,3.0
scen1,ed_port_scen1,480.0,540.0,542415708#2,12.54,2.05,0.99,3.0,3.0
scen1,ed_port_scen1,480.0,540.0,542415708#3,9.36,0.42,1.31,3.0,3.0
scen1,ed_port_scen1,480.0,540.0,542415708#4,8.87,0.02,1.41,3.0,3.0
scen1,ed_port_scen1,480.0,540.0,542415708#6,11.18,0.22,1.12,3.0,3.0
scen1,ed_port_scen1,480.0,540.0,559367542,7.55,8.5,1.08,0.0,2.0
scen1,ed_port_scen1,480.0,540.0,626699047,12.66,3.76,1.31,2.0,2.0
scen1,ed_port_scen1,480.0,540.0,626699047.59,13.68,0.39,1.22,2.0,2.0
scen1,ed_port_scen1,480.0,540.0,626699047.67,13.12,3.25,1.27,2.0,2.0
scen1,ed_port_scen1,480.0,540.0,657270567#0,10.89,4.94,0.51,2.0,2.0
scen1,ed_port_scen1,480.0,540.0,657270567#1,11.04,19.09,0.45,2.0,2.0
scen1,ed_port_scen1,480.0,540.0,657270567#2,10.47,24.35,0.71,2.0,2.0
scen1,ed_port_scen1,480.0,540.0,668507066#0,13.32,1.42,0.42,2.0,2.0
scen1,ed_port_scen1,480.0,540.0,668507066#1,13.53,3.06,0.41,2.0,2.0
scen1,ed_port_scen1,480.0,540.0,668507066#2,13.13,11.4,0.42,2.0,2.0
scen1,ed_port_scen1,480.0,540.0,669284456,4.5,12.27,1.86,2.0,2.0
scen1,ed_port_scen1,480.0,540.0,669284462,11.01,6.29,0.83,2.0,3.0
scen1,ed_port_scen1,480.0,540.0,669871305#0,5.19,0.04,0.18,1.0,1.0
scen1,ed_port_scen1,480.0,540.0,669871305#1,5.32,13.39,0.44,2.0,4.0
scen1,ed_port_scen1,480.0,540.0,669871307#0,5.08,0.04,0.27,1.0,1.0
scen1,ed_port_scen1,480.0,540.0,669871307#1,5.2,26.95,0.27,1.0,1.0
scen1,ed_port_scen1,480.0,540.0,669871307#2,5.3,7.27,0.26,1.0,1.0
scen1,ed_port_scen1,480.0,540.0,671267430,0.45,16.5,1.48,3.0,3.0
scen1,ed_port_scen1,480.0,540.0,92848439#0,11.38,2.91,0.73,2.0,3.0
scen1,ed_port_scen1,480.0,540.0,92848439#1,11.22,0.66,0.7,3.0,3.0
scen1,ed_port_scen1,480.0,540.0,92848439#2,10.06,2.68,0.56,2.0,2.0
scen1,ed_port_scen1,480.0,540.0,92848448#0,4.53,5.02,3.7,2.0,2.0
scen1,ed_port_scen1,480.0,540.0,92848448#1,4.38,28.84,4.06,2.0,3.0
scen1,ed_port_scen1,480.0,540.0,92848448#1.170,4.12,27.39,4.05,2.0,2.0
scen1,ed_port_scen1,480.0,540.0,92848448#1.291,4.05,3.45,4.09,2.0,2.0
scen1,ed_port_scen1,480.0,540.0,92848448#1.312,4.26,21.15,0.05,1.0,0.0
scen1,ed_port_scen1,480.0,540.0,92848448#3,5.41,,1.22,0.0,0.0
scen1,ed_port_scen1,480.0,540.0,E11,3.77,0.92,4.65,2.0,2.0
scen1,ed_port_scen1,480.0,540.0,E12,5.48,5.03,2.89,2.0,2.0
scen1,ed_port_scen1,480.0,540.0,E13,4.42,0.65,3.63,2.0,2.0
scen1,ed_port_scen1,540.0,600.0,1187557611,13.01,3.74,0.32,1.0,1.0
scen1,ed_port_scen1,540.0,600.0,1187557612,9.76,9.75,0.45,2.0,2.0
scen1,ed_port_scen1,540.0,600.0,1211925684,13.27,2.9,0.63,3.0,3.0
scen1,ed_port_scen1,540.0,600.0,1211925685,9.18,0.57,0.45,2.0,2.0
scen1,ed_port_scen1,540.0,600.0,1211925690,13.07,3.02,0.95,3.0,3.0
scen1,ed_port_scen1,540.0,600.0,1443544287#0,13.26,0.78,0.93,3.0,3.0
scen1,ed_port_scen1,540.0,600.0,1443544287#1,13.31,3.28,0.63,3.0,3.0
scen1,ed_port_scen1,540.0,600.0,22690115,13.31,58.31,0.62,2.0,2.0
scen1,ed_port_scen1,540.0,600.0,22690125#0,9.65,10.37,0.86,2.0,2.0
scen1,ed_port_scen1,540.0,600.0,22690125#1,9.45,10.77,0.88,2.0,2.0
scen1,ed_port_scen1,540.0,600.0,22690125#2,9.58,9.19,0.93,2.0,2.0
scen1,ed_port_scen1,540.0,600.0,22740417#0,9.18,0.24,0.39,2.0,2.0
scen1,ed_port_scen1,540.0,600.0,22740417#1,10.77,0.47,0.52,2.0,2.0
scen1,ed_port_scen1,540.0,600.0,22740417#5,9.64,0.27,0.57,2.0,2.0
scen1,ed_port_scen1,540.0,600.0,22740434#0,13.42,13.52,0.41,2.0,2.0
scen1,ed_port_scen1,540.0,600.0,22740434#1,13.48,1.85,0.4,2.0,2.0
scen1,ed_port_scen1,540.0,600.0,22740446#5,11.13,2.88,0.5,2.0,2.0
scen1,ed_port_scen1,540.0,600.0,542415702,13.39,4.51,0.27,1.0,2.0
scen1,ed_port_scen1,540.0,600.0,542415708#0,12.06,0.02,0.69,2.0,2.0
scen1,ed_port_scen1,540.0,600.0,542415708#1,13.33,0.59,0.62,2.0,2.0
scen1,ed_port_scen1,540.0,600.0,542415708#2,13.58,1.9,0.61,2.0,2.0
scen1,ed_port_scen1,540.0,600.0,542415708#3,10.91,0.36,0.77,2.0,2.0
scen1,ed_port_scen1,540.0,600.0,542415708#4,12.11,0.02,0.69,2.0,2.0
scen1,ed_port_scen1,540.0,600.0,542415708#6,11.97,0.21,0.69,2.0,2.0
scen1,ed_port_scen1,540.0,600.0,559367542,7.11,9.05,1.14,0.0,2.0
scen1,ed_port_scen1,540.0,600.0,626699047,13.34,3.55,1.87,3.0,3.0
scen1,ed_port_scen1,540.0,600.0,626699047.59,13.41,0.4,1.86,3.0,3.0
scen1,ed_port_scen1,540.0,600.0,626699047.67,13.59,3.17,1.34,3.0,2.0
scen1,ed_port_scen1,540.0,600.0,657270567#0,11.21,4.79,0.49,2.0,2.0
scen1,ed_port_scen1,540.0,600.0,657270567#1,11.34,18.6,0.45,2.0,2.0
scen1,ed_port_scen1,540.0,600.0,657270567#2,11.54,22.15,0.51,2.0,3.0
scen1,ed_port_scen1,540.0,600.0,668507066#0,13.01,1.46,0.42,2.0,2.0
scen1,ed_port_scen1,540.0,600.0,668507066#1,13.36,3.1,0.42,2.0,2.0
scen1,ed_port_scen1,540.0,600.0,668507066#2,13.11,11.34,0.42,2.0,2.0
scen1,ed_port_scen1,540.0,600.0,669284456,4.43,12.31,2.63,3.0,2.0
scen1,ed_port_scen1,540.0,600.0,669284462,11.37,6.07,0.73,2.0,2.0
scen1,ed_port_scen1,540.0,600.0,671267430,0.8,9.29,0.77,1.0,1.0
scen1,ed_port_scen1,540.0,600.0,92848439#0,10.37,3.2,0.27,1.0,1.0
scen1,ed_port_scen1,540.0,600.0,92848439#1,10.73,0.72,0.31,1.0,1.0
scen1,ed_port_scen1,540.0,600.0,92848439#2,9.74,2.74,0.58,2.0,2.0
scen1,ed_port_scen1,540.0,600.0,92848448#0,4.37,5.18,3.78,2.0,2.0
scen1,ed_port_scen1,540.0,600.0,92848448#1,4.36,29.15,4.28,2.0,1.0
scen1,ed_port_scen1,540.0,600.0,92848448#1.170,4.58,24.62,3.63,2.0,2.0
scen1,ed_port_scen1,540.0,600.0,92848448#1.291,4.57,3.06,3.66,2.0,2.0
scen1,ed_port_scen1,540.0,600.0,92848448#1.312,4.26,21.19,5.43,2.0,2.0
scen1,ed_port_scen1,540.0,600.0,E11,3.5,0.78,5.06,2.0,2.0
scen1,ed_port_scen1,540.0,600.0,E12,5.3,5.16,2.89,2.0,2.0
scen1,ed_port_scen1,540.0,600.0,E13,4.41,0.67,3.65,2.0,2.0
scen1,ed_port_scen1,540.0,600.0,E14,1.32,1.08,10.76,2.0,2.0
scen1,ed_port_scen1,540.0,600.0,E15,0.14,175.75,0.1,2.0,2.0
scen1,ed_port_scen1,600.0,660.0,1187557611,12.99,3.68,0.79,3.0,2.0
scen1,ed_port_scen1,600.0,660.0,1187557612,9.68,9.8,0.61,2.0,2.0
scen1,ed_port_scen1,600.0,660.0,1211925684,13.4,2.87,0.41,2.0,2.0
scen1,ed_port_scen1,600.0,660.0,1211925685,8.43,0.63,0.49,2.0,2.0
scen1,ed_port_scen1,600.0,660.0,1211925690,12.94,3.05,0.64,2.0,2.0
scen1,ed_port_scen1,600.0,660.0,1443544287#0,13.46,0.77,0.62,2.0,2.0
scen1,ed_port_scen1,600.0,660.0,1443544287#1,13.52,3.23,0.41,2.0,2.0
scen1,ed_port_scen1,600.0,660.0,22690115,13.35,58.23,0.63,2.0,2.0
scen1,ed_port_scen1,600.0,660.0,22690125#0,10.98,9.1,0.76,2.0,2.0
scen1,ed_port_scen1,600.0,660.0,22690125#1,10.93,9.32,0.76,2.0,2.0
scen1,ed_port_scen1,600.0,660.0,22690125#2,10.52,8.35,1.03,2.0,2.0
scen1,ed_port_scen1,600.0,660.0,22740417#0,9.23,0.24,0.38,2.0,2.0
scen1,ed_port_scen1,600.0,660.0,22740417#1,11.58,0.44,0.48,2.0,2.0
scen1,ed_port_scen1,600.0,660.0,22740417#5,9.14,0.29,0.6,2.0,2.0
scen1,ed_port_scen1,600.0,660.0,22740434#0,13.41,13.54,0.41,2.0,2.0
scen1,ed_port_scen1,600.0,660.0,22740434#1,13.46,1.85,0.43,2.0,2.0
scen1,ed_port_scen1,600.0,660.0,22740446#5,9.46,3.38,0.59,2.0,2.0
scen1,ed_port_scen1,600.0,660.0,542415702,13.22,4.56,0.42,2.0,2.0
scen1,ed_port_scen1,600.0,660.0,542415708#0,12.58,0.02,0.66,2.0,2.0
scen1,ed_port_scen1,600.0,660.0,542415708#1,13.33,0.59,0.63,2.0,2.0
scen1,ed_port_scen1,600.0,660.0,542415708#2,13.24,1.95,0.31,2.0,1.0
scen1,ed_port_scen1,600.0,660.0,542415708#3,12.2,0.32,0.34,1.0,1.0
scen1,ed_port_scen1,600.0,660.0,542415708#4,12.1,0.02,0.34,1.0,1.0
scen1,ed_port_scen1,600.0,660.0,542415708#6,11.83,0.21,0.46,2.0,2.0
scen1,ed_port_scen1,600.0,660.0,559367542,7.22,8.93,1.13,0.0,2.0
scen1,ed_port_scen1,600.0,660.0,626699047,12.85,3.71,0.65,1.0,1.0
scen1,ed_port_scen1,600.0,660.0,626699047.59,13.18,0.41,0.63,1.0,1.0
scen1,ed_port_scen1,600.0,660.0,626699047.67,13.33,3.22,1.14,1.0,2.0
scen1,ed_port_scen1,600.0,660.0,657270567#0,9.58,5.62,0.58,2.0,2.0
scen1,ed_port_scen1,600.0,660.0,657270567#1,9.93,21.24,0.45,2.0,2.0
scen1,ed_port_scen1,600.0,660.0,657270567#2,10.19,25.05,0.38,2.0,1.0
scen1,ed_port_scen1,600.0,660.0,668507066#0,13.09,1.45,0.42,2.0,2.0
scen1,ed_port_scen1,600.0,660.0,668507066#1,13.33,3.1,0.42,2.0,2.0
scen1,ed_port_scen1,600.0,660.0,668507066#2,13.17,11.33,0.42,2.0,2.0
scen1,ed_port_scen1,600.0,660.0,669284456,5.5,10.01,1.67,2.0,3.0
scen1,ed_port_scen1,600.0,660.0,669284462,11.51,6.02,0.72,2.0,2.0
scen1,ed_port_scen1,600.0,660.0,92848439#0,9.58,3.47,0.58,2.0,2.0
scen1,ed_port_scen1,600.0,660.0,92848439#1,9.5,0.8,0.59,2.0,2.0
scen1,ed_port_scen1,600.0,660.0,92848439#2,9.27,2.9,0.6,2.0,2.0
scen1,ed_port_scen1,600.0,660.0,92848448#0,5.45,4.17,4.58,3.0,3.0
scen1,ed_port_scen1,600.0,660.0,92848448#1,5.17,24.43,4.12,3.0,4.0
scen1,ed_port_scen1,600.0,660.0,92848448#1.170,4.53,24.95,5.03,3.0,2.0
scen1,ed_port_scen1,600.0,660.0,92848448#1.291,4.42,3.16,1.9,1.0,1.0
scen1,ed_port_scen1,600.0,660.0,92848448#1.312,4.55,19.83,2.97,2.0,2.0
scen1,ed_port_scen1,600.0,660.0,E11,3.97,0.75,6.78,3.0,3.0
scen1,ed_port_scen1,600.0,660.0,E12,5.3,5.17,4.46,3.0,3.0
scen1,ed_port_scen1,600.0,660.0,E13,4.44,0.68,5.59,3.0,3.0
scen1,ed_port_scen1,600.0,660.0,E14,1.24,0.93,10.91,2.0,2.0
scen1,ed_port_scen1,600.0,660.0,E15,0.24,105.37,0.32,2.0,2.0
scen1,ed_port_scen1,600.0,660.0,E17,1.14,0.5,5.88,1.0,1.0
scen1,ed_port_scen1,600.0,660.0,E18,0.1,183.09,0.02,1.0,1.0
scen1,ed_port_scen1,660.0,720.0,1187557611,13.17,3.7,0.79,2.0,3.0
scen1,ed_port_scen1,660.0,720.0,1187557612,10.83,8.76,0.62,2.0,2.0
scen1,ed_port_scen1,660.0,720.0,1211925684,13.29,2.89,0.42,2.0,2.0
scen1,ed_port_scen1,660.0,720.0,1211925685,9.47,0.55,0.22,1.0,1.0
scen1,ed_port_scen1,660.0,720.0,1211925690,13.04,3.03,0.34,2.0,1.0
scen1,ed_port_scen1,660.0,720.0,1443544287#0,13.41,0.77,0.61,2.0,2.0
scen1,ed_port_scen1,660.0,720.0,1443544287#1,13.52,3.24,0.41,2.0,2.0
scen1,ed_port_scen1,660.0,720.0,22690115,13.36,58.18,0.63,2.0,2.0
scen1,ed_port_scen1,660.0,720.0,22690125#0,10.84,9.23,0.77,2.0,2.0
scen1,ed_port_scen1,660.0,720.0,22690125#1,10.87,9.34,0.77,2.0,2.0
scen1,ed_port_scen1,660.0,720.0,22690125#2,10.98,8.05,0.59,2.0,2.0
scen1,ed_port_scen1,660.0,720.0,22740417#0,10.02,0.22,0.43,2.0,2.0
scen1,ed_port_scen1,660.0,720.0,22740417#1,11.75,0.43,0.47,2.0,2.0
scen1,ed_port_scen1,660.0,720.0,22740417#5,10.73,0.24,0.52,2.0,2.0
scen1,ed_port_scen1,660.0,720.0,22740434#0,13.38,13.57,0.42,2.0,2.0
scen1,ed_port_scen1,660.0,720.0,22740434#1,13.34,1.86,0.42,2.0,2.0
scen1,ed_port_scen1,660.0,720.0,22740446#5,9.94,3.22,0.56,2.0,2.0
scen1,ed_port_scen1,660.0,720.0,542415702,13.36,4.53,0.42,2.0,2.0
scen1,ed_port_scen1,660.0,720.0,542415708#0,10.66,0.02,0.39,1.0,1.0
scen1,ed_port_scen1,660.0,720.0,542415708#1,12.9,0.61,0.32,1.0,1.0
scen1,ed_port_scen1,660.0,720.0,542415708#2,12.96,2.0,0.64,1.0,2.0
scen1,ed_port_scen1,660.0,720.0,542415708#3,10.49,0.36,0.8,2.0,2.0
scen1,ed_port_scen1,660.0,720.0,542415708#4,10.88,0.02,0.77,2.0,2.0
scen1,ed_port_scen1,660.0,720.0,542415708#6,10.64,0.23,0.39,1.0,1.0
scen1,ed_port_scen1,660.0,720.0,559367542,7.49,8.57,1.08,0.0,2.0
scen1,ed_port_scen1,660.0,720.0,626699047,12.8,3.71,1.3,2.0,2.0
scen1,ed_port_scen1,660.0,720.0,626699047.59,13.37,0.4,1.25,2.0,2.0
scen1,ed_port_scen1,660.0,720.0,626699047.67,13.24,3.24,1.26,2.0,2.0
scen1,ed_port_scen1,660.0,720.0,657270567#0,10.03,5.36,0.55,2.0,2.0
scen1,ed_port_scen1,660.0,720.0,657270567#1,9.59,21.97,0.63,2.0,2.0
scen1,ed_port_scen1,660.0,720.0,657270567#2,9.62,26.54,0.62,2.0,2.0
scen1,ed_port_scen1,660.0,720.0,668507066#0,13.39,1.41,0.41,2.0,2.0
scen1,ed_port_scen1,660.0,720.0,668507066#1,13.44,3.08,0.41,2.0,2.0
scen1,ed_port_scen1,660.0,720.0,668507066#2,13.2,11.34,0.42,2.0,2.0
scen1,ed_port_scen1,660.0,720.0,669284456,5.08,10.87,0.82,1.0,1.0
scen1,ed_port_scen1,660.0,720.0,669284462,11.35,6.05,0.36,1.0,1.0
scen1,ed_port_scen1,660.0,720.0,92848439#0,10.49,3.16,0.79,3.0,3.0
scen1,ed_port_scen1,660.0,720.0,92848439#1,10.45,0.72,0.8,3.0,3.0
scen1,ed_port_scen1,660.0,720.0,92848439#2,9.91,2.71,0.71,3.0,2.0
scen1,ed_port_scen1,660.0,720.0,92848448#0,5.27,4.34,1.59,1.0,1.0
scen1,ed_port_scen1,660.0,720.0,92848448#1,5.46,23.3,2.41,1.0,1.0
scen1,ed_port_scen1,660.0,720.0,92848448#1.170,5.53,20.54,3.44,2.0,3.0
scen1,ed_port_scen1,660.0,720.0,92848448#1.312,4.25,21.34,1.14,0.0,1.0
scen1,ed_port_scen1,660.0,720.0,E11,4.01,0.79,4.23,2.0,2.0
scen1,ed_port_scen1,660.0,720.0,E12,5.74,4.85,2.74,2.0,2.0
scen1,ed_port_scen1,660.0,720.0,E13,4.88,0.56,3.4,2.0,2.0
scen1,ed_port_scen1,660.0,720.0,E14,1.35,0.83,4.77,1.0,1.0
scen1,ed_port_scen1,660.0,720.0,E15,0.35,72.4,0.24,1.0,1.0
scen1,ed_port_scen1,660.0,720.0,E17,1.29,0.45,17.07,3.0,3.0
scen1,ed_port_scen1,660.0,720.0,E18,0.24,80.89,0.29,3.0,3.0
scen1,ed_port_scen1,720.0,780.0,1187557611,13.31,3.7,0.59,2.0,1.0
scen1,ed_port_scen1,720.0,780.0,1187557612,10.04,9.37,0.51,2.0,2.0
scen1,ed_port_scen1,720.0,780.0,1211925684,13.2,2.91,0.42,2.0,2.0
scen1,ed_port_scen1,720.0,780.0,1211925685,8.09,0.67,0.75,3.0,3.0
scen1,ed_port_scen1,720.0,780.0,1211925690,13.26,3.02,0.92,2.0,3.0
scen1,ed_port_scen1,720.0,780.0,1443544287#0,13.41,0.77,0.62,2.0,2.0
scen1,ed_port_scen1,720.0,780.0,1443544287#1,13.29,3.29,0.42,2.0,2.0
scen1,ed_port_scen1,720.0,780.0,22690115,13.27,58.53,0.62,2.0,2.0
scen1,ed_port_scen1,720.0,780.0,22690125#0,9.77,10.24,0.85,2.0,2.0
scen1,ed_port_scen1,720.0,780.0,22690125#1,9.79,10.4,0.85,2.0,2.0
scen1,ed_port_scen1,720.0,780.0,22690125#2,10.48,8.41,0.68,1.0,2.0
scen1,ed_port_scen1,720.0,780.0,22740417#0,8.85,0.23,0.64,2.0,2.0
scen1,ed_port_scen1,720.0,780.0,22740417#1,10.08,0.5,0.55,2.0,2.0
scen1,ed_port_scen1,720.0,780.0,22740417#5,9.96,0.25,0.54,2.0,2.0
scen1,ed_port_scen1,720.0,780.0,22740434#0,13.34,13.6,0.42,2.0,2.0
scen1,ed_port_scen1,720.0,780.0,22740434#1,13.37,1.87,0.42,2.0,2.0
scen1,ed_port_scen1,720.0,780.0,22740446#5,11.24,2.87,0.49,2.0,2.0
scen1,ed_port_scen1,720.0,780.0,542415702,13.4,4.52,0.41,2.0,2.0
scen1,ed_port_scen1,720.0,780.0,542415708#0,10.7,0.02,0.68,2.0,2.0
scen1,ed_port_scen1,720.0,780.0,542415708#1,12.61,0.63,0.66,2.0,2.0
scen1,ed_port_scen1,720.0,780.0,542415708#2,12.73,2.01,0.65,2.0,2.0
scen1,ed_port_scen1,720.0,780.0,542415708#3,10.13,0.37,0.83,2.0,2.0
scen1,ed_port_scen1,720.0,780.0,542415708#4,10.67,0.02,0.78,2.0,2.0
scen1,ed_port_scen1,720.0,780.0,542415708#6,10.72,0.23,0.78,2.0,2.0
scen1,ed_port_scen1,720.0,780.0,559367542,7.21,8.92,1.13,0.0,2.0
scen1,ed_port_scen1,720.0,780.0,626699047,12.75,3.72,1.95,3.0,3.0
scen1,ed_port_scen1,720.0,780.0,626699047.59,13.59,0.4,1.84,3.0,3.0
scen1,ed_port_scen1,720.0,780.0,626699047.67,13.44,3.19,1.86,3.0,3.0
scen1,ed_port_scen1,720.0,780.0,657270567#0,11.53,4.67,0.48,2.0,2.0
scen1,ed_port_scen1,720.0,780.0,657270567#1,11.03,19.11,0.58,2.0,2.0
scen1,ed_port_scen1,720.0,780.0,657270567#2,10.8,23.61,0.63,2.0,3.0
scen1,ed_port_scen1,720.0,780.0,668507066#0,13.54,1.4,0.41,2.0,2.0
scen1,ed_port_scen1,720.0,780.0,668507066#1,13.41,3.09,0.41,2.0,2.0
scen1,ed_port_scen1,720.0,780.0,668507066#2,13.17,11.33,0.42,2.0,2.0
scen1,ed_port_scen1,720.0,780.0,669284456,4.49,12.31,1.86,2.0,2.0
scen1,ed_port_scen1,720.0,780.0,669284462,10.98,6.29,0.93,3.0,2.0
scen1,ed_port_scen1,720.0,780.0,92848439#0,10.8,3.07,0.26,1.0,1.0
scen1,ed_port_scen1,720.0,780.0,92848439#1,11.03,0.68,0.25,1.0,1.0
scen1,ed_port_scen1,720.0,780.0,92848439#2,9.36,2.87,0.44,1.0,2.0
scen1,ed_port_scen1,720.0,780.0,92848448#0,4.63,4.96,3.58,2.0,2.0
scen1,ed_port_scen1,720.0,780.0,92848448#1,4.75,26.88,2.38,1.0,2.0
scen1,ed_port_scen1,720.0,780.0,92848448#1.170,4.94,22.86,1.69,1.0,1.0
scen1,ed_port_scen1,720.0,780.0,E11,2.36,0.89,6.97,2.0,2.0
scen1,ed_port_scen1,720.0,780.0,E12,4.27,6.89,1.41,2.0,2.0
scen1,ed_port_scen1,720.0,780.0,E13,4.86,0.65,1.66,1.0,1.0
scen1,ed_port_scen1,720.0,780.0,E17,1.22,0.45,6.55,1.0,1.0
scen1,ed_port_scen1,720.0,780.0,E18,0.33,57.17,0.18,1.0,1.0
scen1,ed_port_scen1,780.0,840.0,-542415699#3.55,5.13,38.37,0.7,1.0,0.0
scen1,ed_port_scen1,780.0,840.0,1187557611,12.55,3.77,0.36,1.0,2.0
scen1,ed_port_scen1,780.0,840.0,1187557612,9.25,10.23,0.47,1.0,2.0
scen1,ed_port_scen1,780.0,840.0,1211925684,13.52,2.83,0.41,2.0,2.0
scen1,ed_port_scen1,780.0,840.0,1211925685,8.77,0.59,0.24,1.0,1.0
scen1,ed_port_scen1,780.0,840.0,1211925690,13.17,3.03,0.63,2.0,2.0
scen1,ed_port_scen1,780.0,840.0,1443544287#0,13.37,0.78,0.61,2.0,2.0
scen1,ed_port_scen1,780.0,840.0,1443544287#1,13.47,3.25,0.41,2.0,2.0
scen1,ed_port_scen1,780.0,840.0,22690115,13.26,58.5,0.63,2.0,2.0
scen1,ed_port_scen1,780.0,840.0,22690125#0,8.87,11.27,0.94,2.0,2.0
scen1,ed_port_scen1,780.0,840.0,22690125#1,8.94,11.37,0.9,2.0,1.0
scen1,ed_port_scen1,780.0,840.0,22690125#2,8.99,9.81,0.93,2.0,2.0
scen1,ed_port_scen1,780.0,840.0,22740417#0,10.26,0.22,0.54,2.0,2.0
scen1,ed_port_scen1,780.0,840.0,22740417#1,12.16,0.43,0.46,2.0,2.0
scen1,ed_port_scen1,780.0,840.0,22740417#5,9.53,0.27,0.46,2.0,2.0
scen1,ed_port_scen1,780.0,840.0,22740434#0,13.35,13.59,0.42,2.0,2.0
scen1,ed_port_scen1,780.0,840.0,22740434#1,13.3,1.87,0.28,2.0,1.0
scen1,ed_port_scen1,780.0,840.0,22740446#5,10.57,3.03,0.53,2.0,2.0
scen1,ed_port_scen1,780.0,840.0,542415702,13.3,4.55,0.42,2.0,2.0
scen1,ed_port_scen1,780.0,840.0,542415708#0,11.97,0.02,0.69,2.0,2.0
scen1,ed_port_scen1,780.0,840.0,542415708#1,13.35,0.59,0.54,2.0,2.0
scen1,ed_port_scen1,780.0,840.0,542415708#2,13.18,1.97,0.63,2.0,2.0
scen1,ed_port_scen1,780.0,840.0,542415708#3,11.11,0.35,0.75,2.0,2.0
scen1,ed_port_scen1,780.0,840.0,542415708#4,11.41,0.02,0.73,2.0,2.0
scen1,ed_port_scen1,780.0,840.0,542415708#6,11.76,0.22,0.7,2.0,2.0
scen1,ed_port_scen1,780.0,840.0,559367542,7.16,9.0,1.14,0.0,2.0
scen1,ed_port_scen1,780.0,840.0,626699047,13.14,3.61,0.63,1.0,1.0
scen1,ed_port_scen1,780.0,840.0,657270567#0,10.43,5.15,0.53,2.0,2.0
scen1,ed_port_scen1,780.0,840.0,657270567#1,10.63,19.82,0.47,2.0,2.0
scen1,ed_port_scen1,780.0,840.0,657270567#2,10.72,23.79,0.46,2.0,1.0
scen1,ed_port_scen1,780.0,840.0,668507066#0,12.33,1.55,0.45,2.0,2.0
scen1,ed_port_scen1,780.0,840.0,668507066#1,13.3,3.11,0.42,2.0,2.0
scen1,ed_port_scen1,780.0,840.0,668507066#2,13.14,11.37,0.37,2.0,1.0
scen1,ed_port_scen1,780.0,840.0,669284456,4.83,11.39,2.58,3.0,3.0
scen1,ed_port_scen1,780.0,840.0,669284462,10.96,6.29,0.57,1.0,2.0
scen1,ed_port_scen1,780.0,840.0,92848439#0,10.35,3.21,0.54,2.0,2.0
scen1,ed_port_scen1,780.0,840.0,92848439#1,10.48,0.71,0.53,2.0,2.0
scen1,ed_port_scen1,780.0,840.0,92848439#2,9.32,2.87,0.6,2.0,2.0
scen1,ed_port_scen1,780.0,840.0,92848448#0,4.72,4.81,5.31,3.0,3.0
scen1,ed_port_scen1,780.0,840.0,92848448#1,4.59,27.7,4.21,4.0,2.0
scen1,ed_port_scen1,780.0,840.0,E0,10.28,2.82,0.82,1.0,1.0
scen1,ed_port_scen1,780.0,840.0,E11,1.54,0.93,9.44,2.0,2.0
scen1,ed_port_scen1,780.0,840.0,E12,0.34,87.28,0.15,2.0,2.0
scen1,ed_port_scen1,840.0,900.0,-542415699#1,5.17,18.44,0.73,1.0,0.0
scen1,ed_port_scen1,840.0,900.0,-542415699#2,5.16,29.27,1.97,2.0,1.0
scen1,ed_port_scen1,840.0,900.0,-542415699#3.55,5.1,38.61,3.0,2.0,2.0
scen1,ed_port_scen1,840.0,900.0,1187557611,12.92,3.73,0.64,2.0,2.0
scen1,ed_port_scen1,840.0,900.0,1187557612,8.92,10.66,0.68,3.0,2.0
scen1,ed_port_scen1,840.0,900.0,22690115,13.37,58.1,0.62,2.0,2.0
scen1,ed_port_scen1,840.0,900.0,22690125#0,9.83,10.18,0.85,2.0,2.0
scen1,ed_port_scen1,840.0,900.0,22690125#1,9.93,10.24,0.87,2.0,3.0
scen1,ed_port_scen1,840.0,900.0,22690125#2,9.47,9.31,0.93,3.0,2.0
scen1,ed_port_scen1,840.0,900.0,22740417#0,8.87,0.25,0.62,2.0,2.0
scen1,ed_port_scen1,840.0,900.0,22740417#1,10.56,0.49,0.53,2.0,2.0
scen1,ed_port_scen1,840.0,900.0,22740417#5,9.05,0.29,0.61,2.0,2.0
scen1,ed_port_scen1,840.0,900.0,22740434#0,13.26,13.69,0.41,2.0,1.0
scen1,ed_port_scen1,840.0,900.0,22740434#1,13.25,1.88,0.35,1.0,2.0
scen1,ed_port_scen1,840.0,900.0,22740446#5,8.96,3.59,0.62,2.0,2.0
scen1,ed_port_scen1,840.0,900.0,559367542,7.12,9.04,1.14,0.0,2.0
scen1,ed_port_scen1,840.0,900.0,626699047,13.02,3.64,1.27,2.0,2.0
scen1,ed_port_scen1,840.0,900.0,657270567#0,9.09,5.92,0.39,2.0,1.0
scen1,ed_port_scen1,840.0,900.0,657270567#1,9.73,21.68,0.48,1.0,2.0
scen1,ed_port_scen1,840.0,900.0,657270567#2,10.3,24.82,0.4,2.0,2.0
scen1,ed_port_scen1,840.0,900.0,668507066#0,13.13,1.44,0.42,2.0,2.0
scen1,ed_port_scen1,840.0,900.0,668507066#1,13.22,3.13,0.42,2.0,2.0
scen1,ed_port_scen1,840.0,900.0,668507066#2,12.71,11.64,0.48,2.0,3.0
scen1,ed_port_scen1,840.0,900.0,92848439#0,8.9,3.74,0.62,2.0,2.0
scen1,ed_port_scen1,840.0,900.0,92848439#1,9.11,0.81,0.61,2.0,2.0
scen1,ed_port_scen1,840.0,900.0,92848439#2,8.33,3.2,0.67,2.0,2.0
scen1,ed_port_scen1,840.0,900.0,92848448#1,4.71,27.0,2.98,0.0,2.0
scen1,ed_port_scen1,840.0,900.0,E0,9.19,3.07,1.83,2.0,2.0
scen1,ed_port_scen1,840.0,900.0,E11,1.55,1.04,7.9,2.0,2.0
scen1,ed_port_scen1,840.0,900.0,E12,0.48,62.0,0.36,2.0,2.0
scen1,ed_port_scen1,900.0,960.0,-542415699#1,5.2,18.43,2.49,2.0,2.0
scen1,ed_port_scen1,900.0,960.0,-542415699#2,5.06,29.79,2.91,1.0,2.0
scen1,ed_port_scen1,900.0,960.0,-542415699#3.55,4.63,42.57,2.51,1.0,1.0
scen1,ed_port_scen1,900.0,960.0,1187557611,13.09,3.7,0.76,3.0,2.0
scen1,ed_port_scen1,900.0,960.0,1187557612,10.25,9.26,0.75,2.0,2.0
scen1,ed_port_scen1,900.0,960.0,22690115,13.32,58.35,0.63,2.0,2.0
scen1,ed_port_scen1,900.0,960.0,22690125#0,10.92,9.16,0.76,2.0,2.0
scen1,ed_port_scen1,900.0,960.0,22690125#1,10.84,9.4,0.77,2.0,2.0
scen1,ed_port_scen1,900.0,960.0,22690125#2,11.02,7.99,0.76,2.0,2.0
scen1,ed_port_scen1,900.0,960.0,22740417#0,10.12,0.22,0.55,2.0,2.0
scen1,ed_port_scen1,900.0,960.0,22740417#1,11.77,0.43,0.47,2.0,2.0
scen1,ed_port_scen1,900.0,960.0,22740417#5,9.81,0.27,0.43,2.0,2.0
scen1,ed_port_scen1,900.0,960.0,22740434#0,13.45,13.5,0.42,2.0,3.0
scen1,ed_port_scen1,900.0,960.0,22740434#1,13.48,1.84,0.62,3.0,3.0
scen1,ed_port_scen1,900.0,960.0,22740446#5,9.3,3.47,0.6,2.0,2.0
scen1,ed_port_scen1,900.0,960.0,559367542,7.38,8.71,1.1,0.0,2.0
scen1,ed_port_scen1,900.0,960.0,626699047,12.59,3.78,0.65,1.0,1.0
scen1,ed_port_scen1,900.0,960.0,657270567#0,9.17,5.86,0.82,2.0,3.0
scen1,ed_port_scen1,900.0,960.0,657270567#1,8.97,23.49,0.67,3.0,2.0
scen1,ed_port_scen1,900.0,960.0,657270567#2,9.0,28.35,0.59,2.0,2.0
scen1,ed_port_scen1,900.0,960.0,668507066#0,13.2,1.44,0.42,2.0,2.0
scen1,ed_port_scen1,900.0,960.0,668507066#1,13.33,3.1,0.42,2.0,2.0
scen1,ed_port_scen1,900.0,960.0,668507066#2,13.2,11.32,0.42,2.0,2.0
scen1,ed_port_scen1,900.0,960.0,92848439#0,9.55,3.47,0.58,2.0,2.0
scen1,ed_port_scen1,900.0,960.0,92848439#1,9.58,0.77,0.58,2.0,2.0
scen1,ed_port_scen1,900.0,960.0,92848439#2,8.9,3.0,0.63,2.0,2.0
scen1,ed_port_scen1,900.0,960.0,E0,8.23,3.41,1.02,1.0,1.0
scen1,ed_port_scen1,900.0,960.0,E2,2.28,1.62,2.82,1.0,1.0
scen1,ed_port_scen1,900.0,960.0,E20,10.31,10.07,1.56,2.0,2.0
scen1,ed_port_scen1,900.0,960.0,E21,9.73,6.18,1.63,2.0,1.0
scen1,ed_port_scen1,900.0,960.0,E3,0.16,262.71,0.03,1.0,1.0
scen1,ed_port_scen1,960.0,1020.0,-542415699#1,4.72,20.23,2.65,1.0,1.0
scen1,ed_port_scen1,960.0,1020.0,-542415699#2,4.45,33.97,1.92,2.0,1.0
scen1,ed_port_scen1,960.0,1020.0,-542415699#3.55,4.24,46.51,3.99,3.0,2.0
scen1,ed_port_scen1,960.0,1020.0,1187557611,12.99,3.72,0.63,2.0,2.0
scen1,ed_port_scen1,960.0,1020.0,1187557612,10.74,8.77,0.53,2.0,3.0
scen1,ed_port_scen1,960.0,1020.0,22690115,13.38,58.15,0.61,2.0,2.0
scen1,ed_port_scen1,960.0,1020.0,22690125#0,12.59,7.96,0.66,2.0,2.0
scen1,ed_port_scen1,960.0,1020.0,22690125#1,12.46,8.17,0.67,2.0,2.0
scen1,ed_port_scen1,960.0,1020.0,22690125#2,11.51,7.63,0.98,2.0,2.0
scen1,ed_port_scen1,960.0,1020.0,22740417#0,9.47,0.23,0.59,2.0,2.0
scen1,ed_port_scen1,960.0,1020.0,22740417#1,11.14,0.45,0.5,2.0,2.0
scen1,ed_port_scen1,960.0,1020.0,22740417#5,9.88,0.27,0.56,2.0,2.0
scen1,ed_port_scen1,960.0,1020.0,22740434#0,13.41,13.54,0.41,2.0,2.0
scen1,ed_port_scen1,960.0,1020.0,22740434#1,13.24,1.9,0.42,2.0,2.0
scen1,ed_port_scen1,960.0,1020.0,22740446#5,10.88,2.95,0.51,2.0,2.0
scen1,ed_port_scen1,960.0,1020.0,559367542,6.64,9.73,1.23,0.0,2.0
scen1,ed_port_scen1,960.0,1020.0,626699047,12.49,3.81,1.99,3.0,3.0
scen1,ed_port_scen1,960.0,1020.0,657270567#0,10.8,4.98,0.52,2.0,2.0
scen1,ed_port_scen1,960.0,1020.0,657270567#1,10.43,20.2,0.7,2.0,2.0
scen1,ed_port_scen1,960.0,1020.0,657270567#2,9.64,26.47,0.69,2.0,2.0
scen1,ed_port_scen1,960.0,1020.0,668507066#0,13.46,1.41,0.41,2.0,2.0
scen1,ed_port_scen1,960.0,1020.0,668507066#1,13.31,3.12,0.42,2.0,2.0
scen1,ed_port_scen1,960.0,1020.0,668507066#2,13.14,11.39,0.42,2.0,2.0
scen1,ed_port_scen1,960.0,1020.0,92848439#0,11.03,3.01,0.5,2.0,2.0
scen1,ed_port_scen1,960.0,1020.0,92848439#1,10.89,0.68,0.51,2.0,2.0
scen1,ed_port_scen1,960.0,1020.0,92848439#2,9.73,2.72,0.57,2.0,2.0
scen1,ed_port_scen1,960.0,1020.0,E0,8.61,3.26,2.91,3.0,3.0
scen1,ed_port_scen1,960.0,1020.0,E2,2.41,1.54,4.85,2.0,2.0
scen1,ed_port_scen1,960.0,1020.0,E20,11.1,9.33,0.73,1.0,1.0
scen1,ed_port_scen1,960.0,1020.0,E21,8.99,6.34,0.92,1.0,2.0
scen1,ed_port_scen1,960.0,1020.0,E3,0.34,124.23,0.2,2.0,2.0
scen1,ed_port_scen1,1020.0,1080.0,-542415699#1,4.19,22.78,3.52,2.0,2.0
scen1,ed_port_scen1,1020.0,1080.0,-542415699#2,4.32,34.87,5.06,2.0,2.0
scen1,ed_port_scen1,1020.0,1080.0,-542415699#3.55,4.81,40.9,5.13,2.0,2.0
scen1,ed_port_scen1,1020.0,1080.0,1187557611,13.08,3.72,0.83,2.0,3.0
scen1,ed_port_scen1,1020.0,1080.0,1187557612,11.35,8.31,0.36,2.0,1.0
scen1,ed_port_scen1,1020.0,1080.0,22690115,13.4,58.03,0.52,1.0,2.0
scen1,ed_port_scen1,1020.0,1080.0,22690125#0,11.39,8.78,0.73,2.0,2.0
scen1,ed_port_scen1,1020.0,1080.0,22690125#1,11.47,8.87,0.73,2.0,2.0
scen1,ed_port_scen1,1020.0,1080.0,22690125#2,11.47,7.66,0.66,2.0,2.0
scen1,ed_port_scen1,1020.0,1080.0,22740417#0,11.88,0.19,0.33,2.0,2.0
scen1,ed_port_scen1,1020.0,1080.0,22740417#1,13.24,0.38,0.42,2.0,2.0
scen1,ed_port_scen1,1020.0,1080.0,22740417#5,11.9,0.22,0.47,2.0,2.0
scen1,ed_port_scen1,1020.0,1080.0,22740434#0,13.34,13.61,0.42,2.0,2.0
scen1,ed_port_scen1,1020.0,1080.0,22740434#1,13.52,1.85,0.41,2.0,2.0
scen1,ed_port_scen1,1020.0,1080.0,22740446#5,10.82,2.96,0.51,2.0,2.0
scen1,ed_port_scen1,1020.0,1080.0,559367542,7.62,8.41,0.53,0.0,1.0
scen1,ed_port_scen1,1020.0,1080.0,626699047,13.4,3.53,1.24,2.0,2.0
scen1,ed_port_scen1,1020.0,1080.0,657270567#0,11.18,4.81,0.5,2.0,2.0
scen1,ed_port_scen1,1020.0,1080.0,657270567#1,11.15,18.92,0.55,2.0,3.0
scen1,ed_port_scen1,1020.0,1080.0,657270567#2,11.03,23.17,0.51,3.0,2.0
scen1,ed_port_scen1,1020.0,1080.0,668507066#0,13.43,1.41,0.41,2.0,2.0
scen1,ed_port_scen1,1020.0,1080.0,668507066#1,13.4,3.09,0.42,2.0,2.0
scen1,ed_port_scen1,1020.0,1080.0,668507066#2,13.3,11.27,0.42,2.0,2.0
scen1,ed_port_scen1,1020.0,1080.0,92848439#0,11.37,2.92,0.73,3.0,3.0
scen1,ed_port_scen1,1020.0,1080.0,92848439#1,11.56,0.64,0.72,3.0,3.0
scen1,ed_port_scen1,1020.0,1080.0,92848439#2,10.35,2.6,0.68,3.0,2.0
scen1,ed_port_scen1,1020.0,1080.0,E0,8.29,3.31,2.01,2.0,2.0
scen1,ed_port_scen1,1020.0,1080.0,E2,2.2,1.46,2.25,1.0,1.0
scen1,ed_port_scen1,1020.0,1080.0,E20,10.06,10.26,0.8,1.0,1.0
scen1,ed_port_scen1,1020.0,1080.0,E21,8.26,7.12,0.97,1.0,1.0
scen1,ed_port_scen1,1020.0,1080.0,E3,0.42,101.72,0.21,1.0,1.0
scen1,ed_port_scen1,1080.0,1140.0,-542415699#1,4.67,20.51,6.68,3.0,4.0
scen1,ed_port_scen1,1080.0,1140.0,-542415699#2,4.99,30.18,3.95,2.0,3.0
scen1,ed_port_scen1,1080.0,1140.0,-542415699#3.55,4.94,40.01,3.41,2.0,2.0
scen1,ed_port_scen1,1080.0,1140.0,1187557611,13.13,3.72,0.63,2.0,2.0
scen1,ed_port_scen1,1080.0,1140.0,1187557612,10.95,8.63,0.53,2.0,2.0
scen1,ed_port_scen1,1080.0,1140.0,22690115,12.83,59.81,0.04,0.0,1.0
scen1,ed_port_scen1,1080.0,1140.0,22690125#0,10.68,9.37,0.39,1.0,1.0
scen1,ed_port_scen1,1080.0,1140.0,22690125#1,10.52,9.68,0.4,1.0,1.0
scen1,ed_port_scen1,1080.0,1140.0,22690125#2,11.11,7.95,0.51,1.0,2.0
scen1,ed_port_scen1,1080.0,1140.0,22740417#0,9.7,0.21,0.45,2.0,2.0
scen1,ed_port_scen1,1080.0,1140.0,22740417#1,11.49,0.44,0.49,2.0,2.0
scen1,ed_port_scen1,1080.0,1140.0,22740417#5,11.0,0.23,0.5,2.0,2.0
scen1,ed_port_scen1,1080.0,1140.0,22740434#0,13.35,13.6,0.42,2.0,2.0
scen1,ed_port_scen1,1080.0,1140.0,22740434#1,13.34,1.87,0.42,2.0,2.0
scen1,ed_port_scen1,1080.0,1140.0,22740446#5,11.32,2.83,0.49,2.0,2.0
scen1,ed_port_scen1,1080.0,1140.0,626699047,12.97,3.65,1.92,3.0,3.0
scen1,ed_port_scen1,1080.0,1140.0,657270567#0,11.42,4.7,0.49,2.0,2.0
scen1,ed_port_scen1,1080.0,1140.0,657270567#1,11.76,17.94,0.34,2.0,1.0
scen1,ed_port_scen1,1080.0,1140.0,657270567#2,11.79,21.62,0.57,1.0,3.0
scen1,ed_port_scen1,1080.0,1140.0,668507066#0,13.4,1.41,0.41,2.0,2.0
scen1,ed_port_scen1,1080.0,1140.0,668507066#1,13.37,3.1,0.42,2.0,2.0
scen1,ed_port_scen1,1080.0,1140.0,668507066#2,13.3,11.26,0.42,2.0,2.0
scen1,ed_port_scen1,1080.0,1140.0,92848439#0,11.53,2.88,0.48,2.0,2.0
scen1,ed_port_scen1,1080.0,1140.0,92848439#1,11.71,0.64,0.48,2.0,2.0
scen1,ed_port_scen1,1080.0,1140.0,92848439#2,9.51,2.8,0.49,2.0,2.0
scen1,ed_port_scen1,1080.0,1140.0,E0,9.01,3.1,2.79,3.0,3.0
scen1,ed_port_scen1,1080.0,1140.0,E2,2.01,2.21,2.8,1.0,1.0
scen1,ed_port_scen1,1080.0,1140.0,E20,8.92,11.65,2.99,5.0,3.0
scen1,ed_port_scen1,1080.0,1140.0,E21,9.07,6.71,2.68,3.0,3.0
scen1,ed_port_scen1,1080.0,1140.0,E22,11.81,3.57,1.41,2.0,2.0
scen1,ed_port_scen1,1080.0,1140.0,E23,9.51,2.47,1.54,2.0,1.0
scen1,ed_port_scen1,1080.0,1140.0,E3,0.52,80.95,0.24,1.0,1.0
scen1,ed_port_scen1,1080.0,1140.0,E5,2.21,1.64,2.81,1.0,1.0
scen1,ed_port_scen1,1080.0,1140.0,E6,0.2,302.59,0.03,1.0,1.0
scen1,ed_port_scen1,1140.0,1200.0,-542415699#1,4.65,20.51,3.45,2.0,1.0
scen1,ed_port_scen1,1140.0,1200.0,-542415699#2,5.01,30.1,4.95,3.0,2.0
scen1,ed_port_scen1,1140.0,1200.0,-542415699#3.55,5.37,36.63,2.64,2.0,3.0
scen1,ed_port_scen1,1140.0,1200.0,1187557611,12.79,3.77,0.32,1.0,1.0
scen1,ed_port_scen1,1140.0,1200.0,1187557612,10.68,8.97,0.12,0.0,1.0
scen1,ed_port_scen1,1140.0,1200.0,22740417#0,9.04,0.25,0.31,1.0,1.0
scen1,ed_port_scen1,1140.0,1200.0,22740417#1,10.45,0.49,0.27,1.0,1.0
scen1,ed_port_scen1,1140.0,1200.0,22740417#5,9.62,0.26,0.29,1.0,1.0
scen1,ed_port_scen1,1140.0,1200.0,22740434#0,13.45,13.5,0.21,1.0,1.0
scen1,ed_port_scen1,1140.0,1200.0,22740434#1,13.39,1.86,0.21,1.0,1.0
scen1,ed_port_scen1,1140.0,1200.0,22740446#5,11.19,2.89,0.49,2.0,2.0
scen1,ed_port_scen1,1140.0,1200.0,626699047,13.08,3.62,1.27,2.0,2.0
scen1,ed_port_scen1,1140.0,1200.0,657270567#0,11.41,4.7,0.49,2.0,2.0
scen1,ed_port_scen1,1140.0,1200.0,657270567#1,11.43,18.45,0.49,2.0,2.0
scen1,ed_port_scen1,1140.0,1200.0,657270567#2,11.5,22.19,0.48,2.0,2.0
scen1,ed_port_scen1,1140.0,1200.0,92848439#0,10.68,3.12,0.26,1.0,1.0
scen1,ed_port_scen1,1140.0,1200.0,92848439#1,10.45,0.7,0.27,1.0,1.0
scen1,ed_port_scen1,1140.0,1200.0,92848439#2,9.18,2.91,0.56,1.0,2.0
scen1,ed_port_scen1,1140.0,1200.0,E0,9.65,2.97,1.75,2.0,2.0
scen1,ed_port_scen1,1140.0,1200.0,E20,9.98,10.29,1.37,0.0,2.0
scen1,ed_port_scen1,1140.0,1200.0,E21,10.47,5.97,1.57,2.0,2.0
scen1,ed_port_scen1,1140.0,1200.0,E22,12.97,3.24,1.28,2.0,2.0
scen1,ed_port_scen1,1140.0,1200.0,E23,8.46,2.75,2.16,2.0,3.0
scen1,ed_port_scen1,1140.0,1200.0,E5,2.1,2.75,9.32,3.0,3.0
scen1,ed_port_scen1,1140.0,1200.0,E6,0.62,94.69,0.33,3.0,3.0
scen1,ed_port_scen1,1200.0,1260.0,-542415699#1,5.67,16.86,2.02,3.0,2.0
scen1,ed_port_scen1,1200.0,1260.0,-542415699#2,5.48,27.5,3.08,2.0,3.0
scen1,ed_port_scen1,1200.0,1260.0,-542415699#3.55,5.52,35.73,3.04,2.0,2.0
scen1,ed_port_scen1,1200.0,1260.0,626699047,12.67,3.75,0.66,1.0,1.0
scen1,ed_port_scen1,1200.0,1260.0,657270567#1,10.67,19.71,0.14,0.0,1.0
scen1,ed_port_scen1,1200.0,1260.0,657270567#2,10.61,24.04,0.26,1.0,1.0
scen1,ed_port_scen1,1200.0,1260.0,E0,8.69,3.17,0.96,1.0,1.0
scen1,ed_port_scen1,1200.0,1260.0,E20,9.95,10.5,2.45,3.0,3.0
scen1,ed_port_scen1,1200.0,1260.0,E21,10.73,5.82,2.29,3.0,3.0
scen1,ed_port_scen1,1200.0,1260.0,E22,12.86,3.28,1.94,3.0,3.0
scen1,ed_port_scen1,1200.0,1260.0,E23,9.65,2.53,2.6,3.0,3.0
scen1,ed_port_scen1,1200.0,1260.0,E24,12.84,4.8,1.29,2.0,2.0
scen1,ed_port_scen1,1200.0,1260.0,E25,10.55,1.78,1.58,2.0,2.0
scen1,ed_port_scen1,1200.0,1260.0,E5,3.61,1.84,2.12,1.0,1.0
scen1,ed_port_scen1,1200.0,1260.0,E6,0.6,98.77,0.34,1.0,1.0
scen1,ed_port_scen1,1200.0,1260.0,E8,2.58,1.29,5.06,2.0,2.0
scen1,ed_port_scen1,1200.0,1260.0,E9,0.33,146.1,0.08,2.0,2.0
scen1,ed_port_scen1,1260.0,1320.0,-542415699#1,5.55,17.25,3.08,1.0,2.0
scen1,ed_port_scen1,1260.0,1320.0,-542415699#2,5.13,29.55,1.63,1.0,1.0
scen1,ed_port_scen1,1260.0,1320.0,-542415699#3.55,5.08,38.66,1.02,0.0,1.0
scen1,ed_port_scen1,1260.0,1320.0,E20,10.04,10.4,1.61,2.0,2.0
scen1,ed_port_scen1,1260.0,1320.0,E21,10.85,5.76,1.51,2.0,2.0
scen1,ed_port_scen1,1260.0,1320.0,E22,13.51,3.12,1.23,2.0,2.0
scen1,ed_port_scen1,1260.0,1320.0,E23,13.38,1.88,1.24,2.0,2.0
scen1,ed_port_scen1,1260.0,1320.0,E24,13.45,4.57,1.24,2.0,2.0
scen1,ed_port_scen1,1260.0,1320.0,E25,9.52,1.89,1.72,2.0,2.0
scen1,ed_port_scen1,1260.0,1320.0,E8,1.55,3.09,8.09,2.0,2.0
scen1,ed_port_scen1,1260.0,1320.0,E9,0.47,100.04,0.34,2.0,2.0
scen1,ed_port_scen1,1320.0,1380.0,-542415699#1,5.04,18.97,1.1,0.0,1.0
scen1,ed_port_scen1,1320.0,1380.0,E20,10.53,9.84,0.77,1.0,1.0
scen1,ed_port_scen1,1320.0,1380.0,E21,9.79,6.4,0.83,1.0,1.0
scen1,ed_port_scen1,1320.0,1380.0,E22,13.08,3.22,0.64,1.0,1.0
scen1,ed_port_scen1,1320.0,1380.0,E23,13.34,1.89,0.62,1.0,1.0
scen1,ed_port_scen1,1320.0,1380.0,E24,13.22,4.64,0.63,1.0,1.0
scen1,ed_port_scen1,1320.0,1380.0,E25,9.51,1.91,0.86,1.0,1.0
scen1,ed_port_scen1,1320.0,1380.0,E8,2.43,1.21,1.91,1.0,1.0
scen1,ed_port_scen1,1320.0,1380.0,E9,0.75,63.06,0.2,1.0,1.0
scen1,ed_port_scen1,2160.0,2220.0,671267430,3.32,2.57,2.01,1.0,0.0
scen1,ed_port_scen1,2280.0,2340.0,671267430,2.84,2.96,6.66,3.0,0.0
scen1,ed_port_scen1,2340.0,2400.0,671267430,2.83,3.09,2.44,1.0,0.0
scen1,ed_port_scen1,2340.0,2400.0,92848448#2.33,4.28,18.95,3.91,2.0,2.0
scen1,ed_port_scen1,2340.0,2400.0,92848448#3,4.21,0.05,1.98,1.0,1.0
scen1,ed_port_scen1,2340.0,2400.0,E15,4.16,5.82,3.55,2.0,2.0
scen1,ed_port_scen1,2340.0,2400.0,E16,4.28,0.89,3.77,2.0,2.0
scen1,ed_port_scen1,2400.0,2460.0,669871305#0,4.79,0.04,0.39,2.0,2.0
scen1,ed_port_scen1,2400.0,2460.0,669871305#1,4.83,14.74,0.23,2.0,0.0
scen1,ed_port_scen1,2400.0,2460.0,669871307#0,4.17,0.05,1.0,3.0,3.0
scen1,ed_port_scen1,2400.0,2460.0,669871307#1,4.63,30.28,0.73,3.0,2.0
scen1,ed_port_scen1,2400.0,2460.0,669871307#2,4.65,8.22,0.6,2.0,2.0
scen1,ed_port_scen1,2400.0,2460.0,92848448#1.312,5.63,15.99,0.19,1.0,0.0
scen1,ed_port_scen1,2400.0,2460.0,92848448#2.33,4.51,17.97,3.69,2.0,2.0
scen1,ed_port_scen1,2400.0,2460.0,92848448#3,4.39,0.04,5.7,3.0,3.0
scen1,ed_port_scen1,2400.0,2460.0,E15,4.12,5.56,3.58,2.0,2.0
scen1,ed_port_scen1,2400.0,2460.0,E16,4.12,0.91,3.81,2.0,2.0
scen1,ed_port_scen1,2400.0,2460.0,E18,4.08,4.59,1.8,1.0,1.0
scen1,ed_port_scen1,2400.0,2460.0,E19,4.27,0.18,1.95,1.0,1.0
scen1,ed_port_scen1,2460.0,2520.0,669871305#0,4.48,0.04,0.41,2.0,2.0
scen1,ed_port_scen1,2460.0,2520.0,669871305#1,4.45,16.07,0.57,2.0,3.0
scen1,ed_port_scen1,2460.0,2520.0,669871307#0,4.52,0.04,0.92,3.0,3.0
scen1,ed_port_scen1,2460.0,2520.0,669871307#1,4.82,29.07,0.68,3.0,2.0
scen1,ed_port_scen1,2460.0,2520.0,669871307#2,4.56,8.35,0.61,2.0,2.0
scen1,ed_port_scen1,2460.0,2520.0,671267430,4.64,1.65,4.51,3.0,0.0
scen1,ed_port_scen1,2460.0,2520.0,92848448#1.312,5.32,16.93,4.35,2.0,2.0
scen1,ed_port_scen1,2460.0,2520.0,92848448#2,5.34,4.33,3.1,2.0,2.0
scen1,ed_port_scen1,2460.0,2520.0,92848448#2.33,4.98,16.28,5.02,3.0,3.0
scen1,ed_port_scen1,2460.0,2520.0,92848448#3,5.02,0.04,4.84,3.0,3.0
scen1,ed_port_scen1,2460.0,2520.0,E15,3.7,6.33,2.0,1.0,1.0
scen1,ed_port_scen1,2460.0,2520.0,E16,4.33,0.89,1.8,1.0,1.0
scen1,ed_port_scen1,2460.0,2520.0,E18,3.89,4.92,5.76,3.0,3.0
scen1,ed_port_scen1,2460.0,2520.0,E19,4.62,0.17,5.38,3.0,3.0
scen1,ed_port_scen1,2520.0,2580.0,669871305#0,4.68,0.05,0.59,3.0,3.0
scen1,ed_port_scen1,2520.0,2580.0,669871305#1,4.67,15.29,0.53,3.0,2.0
scen1,ed_port_scen1,2520.0,2580.0,669871307#0,5.32,0.04,0.78,3.0,3.0
scen1,ed_port_scen1,2520.0,2580.0,669871307#1,5.04,27.86,1.06,3.0,4.0
scen1,ed_port_scen1,2520.0,2580.0,669871307#2,4.82,7.93,0.98,4.0,3.0
scen1,ed_port_scen1,2520.0,2580.0,671267430,5.11,1.45,3.2,2.0,0.0
scen1,ed_port_scen1,2520.0,2580.0,92848448#1.312,5.55,16.24,2.11,2.0,2.0
scen1,ed_port_scen1,2520.0,2580.0,92848448#2,5.75,4.01,2.89,2.0,2.0
scen1,ed_port_scen1,2520.0,2580.0,92848448#2.33,5.54,14.61,3.0,2.0,2.0
scen1,ed_port_scen1,2520.0,2580.0,92848448#3,5.39,0.03,3.22,2.0,2.0
scen1,ed_port_scen1,2520.0,2580.0,E12,3.53,8.51,0.77,1.0,0.0
scen1,ed_port_scen1,2520.0,2580.0,E18,4.29,4.45,1.8,1.0,1.0
scen1,ed_port_scen1,2520.0,2580.0,E19,5.15,0.15,1.6,1.0,1.0
scen1,ed_port_scen1,2580.0,2640.0,669871305#0,5.31,0.04,0.35,2.0,2.0
scen1,ed_port_scen1,2580.0,2640.0,669871305#1,5.23,13.47,0.43,2.0,4.0
scen1,ed_port_scen1,2580.0,2640.0,669871307#0,5.32,0.04,0.26,1.0,1.0
scen1,ed_port_scen1,2580.0,2640.0,669871307#1,5.31,26.51,0.24,1.0,1.0
scen1,ed_port_scen1,2580.0,2640.0,669871307#2,5.48,6.93,0.41,1.0,2.0
scen1,ed_port_scen1,2580.0,2640.0,671267430,5.04,1.47,5.47,4.0,0.0
scen1,ed_port_scen1,2580.0,2640.0,92848448#1.170,4.49,25.16,2.95,2.0,1.0
scen1,ed_port_scen1,2580.0,2640.0,92848448#1.291,4.7,2.99,1.75,1.0,1.0
scen1,ed_port_scen1,2580.0,2640.0,92848448#1.312,4.7,19.28,2.99,1.0,2.0
scen1,ed_port_scen1,2580.0,2640.0,92848448#2,5.01,4.58,1.67,2.0,1.0
scen1,ed_port_scen1,2580.0,2640.0,92848448#2.33,4.96,16.31,1.68,1.0,1.0
scen1,ed_port_scen1,2580.0,2640.0,92848448#3,4.72,0.04,1.77,1.0,1.0
scen1,ed_port_scen1,2580.0,2640.0,E12,4.28,6.46,4.46,2.0,3.0
scen1,ed_port_scen1,2580.0,2640.0,E13,3.92,0.79,4.8,3.0,3.0
scen1,ed_port_scen1,2640.0,2700.0,669871305#0,4.83,0.04,0.19,1.0,1.0
scen1,ed_port_scen1,2640.0,2700.0,669871305#1,4.96,14.33,0.19,1.0,1.0
scen1,ed_port_scen1,2640.0,2700.0,669871307#0,5.1,0.04,0.27,1.0,1.0
scen1,ed_port_scen1,2640.0,2700.0,669871307#1,4.8,29.25,0.4,1.0,1.0
scen1,ed_port_scen1,2640.0,2700.0,669871307#2,4.88,7.85,0.29,1.0,1.0
scen1,ed_port_scen1,2640.0,2700.0,671267430,4.76,1.53,1.71,1.0,0.0
scen1,ed_port_scen1,2640.0,2700.0,92848448#1.170,4.79,23.59,5.78,3.0,3.0
scen1,ed_port_scen1,2640.0,2700.0,92848448#1.291,4.68,2.99,3.56,2.0,2.0
scen1,ed_port_scen1,2640.0,2700.0,92848448#1.312,4.66,19.32,3.58,2.0,2.0
scen1,ed_port_scen1,2640.0,2700.0,92848448#2,4.6,4.95,5.37,2.0,3.0
scen1,ed_port_scen1,2640.0,2700.0,92848448#2.33,4.52,17.91,3.18,3.0,1.0
scen1,ed_port_scen1,2640.0,2700.0,92848448#3,4.7,0.05,1.77,1.0,1.0
scen1,ed_port_scen1,2640.0,2700.0,E12,4.45,6.41,3.41,2.0,2.0
scen1,ed_port_scen1,2640.0,2700.0,E13,4.42,0.7,4.93,2.0,2.0
scen1,ed_port_scen1,2700.0,2760.0,669871305#0,4.45,0.05,0.3,2.0,2.0
scen1,ed_port_scen1,2700.0,2760.0,669871305#1,4.69,15.17,0.2,1.0,1.0
scen1,ed_port_scen1,2700.0,2760.0,669871307#0,4.91,0.04,0.85,3.0,3.0
scen1,ed_port_scen1,2700.0,2760.0,669871307#1,4.6,30.42,0.64,3.0,3.0
scen1,ed_port_scen1,2700.0,2760.0,669871307#2,4.57,8.37,0.87,3.0,2.0
scen1,ed_port_scen1,2700.0,2760.0,671267430,4.53,1.65,1.49,1.0,0.0
scen1,ed_port_scen1,2700.0,2760.0,92848448#1.170,5.25,21.23,0.16,0.0,1.0
scen1,ed_port_scen1,2700.0,2760.0,92848448#1.291,4.71,2.93,3.56,2.0,2.0
scen1,ed_port_scen1,2700.0,2760.0,92848448#1.312,4.7,19.2,3.55,2.0,2.0
scen1,ed_port_scen1,2700.0,2760.0,92848448#2,4.77,4.83,3.53,2.0,2.0
scen1,ed_port_scen1,2700.0,2760.0,92848448#2.33,4.77,16.96,5.72,2.0,4.0
scen1,ed_port_scen1,2700.0,2760.0,92848448#3,4.62,0.04,7.21,4.0,4.0
scen1,ed_port_scen1,2700.0,2760.0,E23,9.15,2.9,0.9,1.0,1.0
scen1,ed_port_scen1,2700.0,2760.0,E24,13.33,4.6,0.62,1.0,1.0
scen1,ed_port_scen1,2700.0,2760.0,E25,13.64,1.45,0.61,1.0,1.0
scen1,ed_port_scen1,2700.0,2760.0,E26,13.29,3.64,0.62,1.0,1.0
scen1,ed_port_scen1,2700.0,2760.0,E3,5.61,7.23,1.34,1.0,1.0
scen1,ed_port_scen1,2700.0,2760.0,E4,6.08,1.56,1.32,1.0,1.0
scen1,ed_port_scen1,2760.0,2820.0,1211925684,13.52,2.84,0.21,1.0,1.0
scen1,ed_port_scen1,2760.0,2820.0,1211925685,2.37,2.49,2.31,2.0,2.0
scen1,ed_port_scen1,2760.0,2820.0,1211925690,13.49,2.98,0.31,1.0,1.0
scen1,ed_port_scen1,2760.0,2820.0,1443544287#0,13.69,0.76,0.3,1.0,1.0
scen1,ed_port_scen1,2760.0,2820.0,1443544287#1,13.53,3.23,0.21,1.0,1.0
scen1,ed_port_scen1,2760.0,2820.0,542415702,13.42,4.51,0.21,1.0,1.0
scen1,ed_port_scen1,2760.0,2820.0,542415708#0,12.39,0.02,0.34,1.0,1.0
scen1,ed_port_scen1,2760.0,2820.0,542415708#1,13.18,0.59,0.32,1.0,1.0
scen1,ed_port_scen1,2760.0,2820.0,542415708#2,13.5,1.92,0.31,1.0,1.0
scen1,ed_port_scen1,2760.0,2820.0,542415708#3,11.16,0.35,0.38,1.0,1.0
scen1,ed_port_scen1,2760.0,2820.0,542415708#4,12.69,0.02,0.33,1.0,1.0
scen1,ed_port_scen1,2760.0,2820.0,542415708#6,12.58,0.19,0.33,1.0,1.0
scen1,ed_port_scen1,2760.0,2820.0,669284462,9.32,7.61,0.57,2.0,1.0
scen1,ed_port_scen1,2760.0,2820.0,669871305#0,4.9,0.04,0.67,3.0,3.0
scen1,ed_port_scen1,2760.0,2820.0,669871305#1,4.88,14.58,0.76,4.0,4.0
scen1,ed_port_scen1,2760.0,2820.0,669871307#0,4.65,0.04,0.3,1.0,1.0
scen1,ed_port_scen1,2760.0,2820.0,669871307#1,5.21,26.87,0.52,1.0,2.0
scen1,ed_port_scen1,2760.0,2820.0,669871307#2,5.19,7.34,0.57,2.0,3.0
scen1,ed_port_scen1,2760.0,2820.0,671267430,5.14,1.46,4.23,3.0,0.0
scen1,ed_port_scen1,2760.0,2820.0,E1,13.04,0.9,1.27,2.0,2.0
scen1,ed_port_scen1,2760.0,2820.0,E23,9.42,2.79,1.74,2.0,2.0
scen1,ed_port_scen1,2760.0,2820.0,E24,13.29,4.62,0.72,2.0,1.0
scen1,ed_port_scen1,2760.0,2820.0,E25,12.94,1.53,0.64,1.0,1.0
scen1,ed_port_scen1,2760.0,2820.0,E26,13.43,3.59,0.62,1.0,1.0
scen1,ed_port_scen1,2760.0,2820.0,E27,13.44,5.21,1.24,2.0,2.0
scen1,ed_port_scen1,2760.0,2820.0,E28,13.23,3.42,1.26,2.0,2.0
scen1,ed_port_scen1,2760.0,2820.0,E29,13.25,1.14,1.26,2.0,2.0
scen1,ed_port_scen1,2760.0,2820.0,E3,5.19,7.74,2.92,2.0,2.0
scen1,ed_port_scen1,2760.0,2820.0,E30,13.53,1.77,1.23,2.0,2.0
scen1,ed_port_scen1,2760.0,2820.0,E31,13.58,1.83,1.22,2.0,2.0
scen1,ed_port_scen1,2760.0,2820.0,E32,13.43,0.58,1.24,2.0,2.0
scen1,ed_port_scen1,2760.0,2820.0,E33,13.37,2.55,1.25,2.0,2.0
scen1,ed_port_scen1,2760.0,2820.0,E4,5.38,1.81,2.98,2.0,2.0
scen1,ed_port_scen1,2820.0,2880.0,1211925684,13.36,2.87,0.21,1.0,1.0
scen1,ed_port_scen1,2820.0,2880.0,1211925685,2.18,2.52,1.31,1.0,1.0
scen1,ed_port_scen1,2820.0,2880.0,1211925690,13.29,3.0,0.31,1.0,1.0
scen1,ed_port_scen1,2820.0,2880.0,1443544287#0,13.05,0.79,0.32,1.0,1.0
scen1,ed_port_scen1,2820.0,2880.0,1443544287#1,13.37,3.28,0.21,1.0,1.0
scen1,ed_port_scen1,2820.0,2880.0,542415702,13.35,4.53,0.41,2.0,2.0
scen1,ed_port_scen1,2820.0,2880.0,542415708#0,11.24,0.02,0.74,2.0,2.0
scen1,ed_port_scen1,2820.0,2880.0,542415708#1,13.2,0.6,0.63,2.0,2.0
scen1,ed_port_scen1,2820.0,2880.0,542415708#2,13.3,1.94,0.63,2.0,2.0
scen1,ed_port_scen1,2820.0,2880.0,542415708#3,10.8,0.36,0.77,2.0,2.0
scen1,ed_port_scen1,2820.0,2880.0,542415708#4,10.37,0.02,0.8,2.0,2.0
scen1,ed_port_scen1,2820.0,2880.0,542415708#6,11.45,0.21,0.73,2.0,2.0
scen1,ed_port_scen1,2820.0,2880.0,669284456,5.21,10.59,1.6,2.0,2.0
scen1,ed_port_scen1,2820.0,2880.0,669284462,9.84,7.11,0.71,1.0,2.0
scen1,ed_port_scen1,2820.0,2880.0,671267430,4.32,1.73,1.52,1.0,0.0
scen1,ed_port_scen1,2820.0,2880.0,92848448#0,5.19,4.43,3.24,2.0,2.0
scen1,ed_port_scen1,2820.0,2880.0,92848448#1,5.13,24.73,2.15,2.0,1.0
scen1,ed_port_scen1,2820.0,2880.0,92848448#1.170,5.28,21.37,0.35,1.0,0.0
scen1,ed_port_scen1,2820.0,2880.0,E1,13.05,0.9,0.63,1.0,1.0
scen1,ed_port_scen1,2820.0,2880.0,E11,3.61,0.8,2.46,1.0,1.0
scen1,ed_port_scen1,2820.0,2880.0,E12,5.81,4.75,1.32,1.0,1.0
scen1,ed_port_scen1,2820.0,2880.0,E13,4.9,0.57,1.65,1.0,1.0
scen1,ed_port_scen1,2820.0,2880.0,E23,8.55,3.08,0.95,1.0,1.0
scen1,ed_port_scen1,2820.0,2880.0,E24,12.26,5.01,1.26,1.0,2.0
scen1,ed_port_scen1,2820.0,2880.0,E25,12.53,1.59,1.29,2.0,2.0
scen1,ed_port_scen1,2820.0,2880.0,E26,12.83,3.76,0.65,1.0,1.0
scen1,ed_port_scen1,2820.0,2880.0,E27,13.09,5.35,0.64,1.0,1.0
scen1,ed_port_scen1,2820.0,2880.0,E28,12.84,3.53,0.65,1.0,1.0
scen1,ed_port_scen1,2820.0,2880.0,E29,13.04,1.15,0.64,1.0,1.0
scen1,ed_port_scen1,2820.0,2880.0,E3,5.48,7.29,1.4,1.0,1.0
scen1,ed_port_scen1,2820.0,2880.0,E30,13.1,1.82,0.63,1.0,1.0
scen1,ed_port_scen1,2820.0,2880.0,E31,13.17,1.89,0.63,1.0,1.0
scen1,ed_port_scen1,2820.0,2880.0,E32,12.92,0.6,0.65,1.0,1.0
scen1,ed_port_scen1,2820.0,2880.0,E33,13.22,2.57,0.63,1.0,1.0
scen1,ed_port_scen1,2820.0,2880.0,E4,5.33,1.77,1.49,1.0,1.0
scen1,ed_port_scen1,2880.0,2940.0,1211925684,13.24,2.89,0.21,1.0,1.0
scen1,ed_port_scen1,2880.0,2940.0,1211925685,2.85,2.02,0.88,1.0,1.0
scen1,ed_port_scen1,2880.0,2940.0,1211925690,13.18,3.06,0.32,1.0,1.0
scen1,ed_port_scen1,2880.0,2940.0,1443544287#0,13.24,0.78,0.62,2.0,2.0
scen1,ed_port_scen1,2880.0,2940.0,1443544287#1,13.23,3.31,0.33,2.0,1.0
scen1,ed_port_scen1,2880.0,2940.0,542415702,13.31,4.55,0.21,1.0,1.0
scen1,ed_port_scen1,2880.0,2940.0,542415708#0,10.19,0.02,0.41,1.0,1.0
scen1,ed_port_scen1,2880.0,2940.0,542415708#1,12.3,0.65,0.34,1.0,1.0
scen1,ed_port_scen1,2880.0,2940.0,542415708#2,12.18,2.1,0.34,1.0,1.0
scen1,ed_port_scen1,2880.0,2940.0,542415708#3,10.37,0.34,0.41,1.0,1.0
scen1,ed_port_scen1,2880.0,2940.0,542415708#4,10.63,0.02,0.39,1.0,1.0
scen1,ed_port_scen1,2880.0,2940.0,542415708#6,10.68,0.21,0.4,1.0,1.0
scen1,ed_port_scen1,2880.0,2940.0,669284456,4.95,11.18,0.84,1.0,1.0
scen1,ed_port_scen1,2880.0,2940.0,669284462,9.77,7.29,0.42,1.0,1.0
scen1,ed_port_scen1,2880.0,2940.0,92848448#0,4.81,4.79,1.73,1.0,1.0
scen1,ed_port_scen1,2880.0,2940.0,92848448#1,4.99,25.57,2.82,1.0,2.0
scen1,ed_port_scen1,2880.0,2940.0,92848448#1.170,5.11,22.04,2.9,1.0,2.0
scen1,ed_port_scen1,2880.0,2940.0,92848448#1.291,5.22,2.67,3.17,2.0,2.0
scen1,ed_port_scen1,2880.0,2940.0,92848448#1.312,5.21,17.25,1.91,2.0,1.0
scen1,ed_port_scen1,2880.0,2940.0,92848448#2,5.4,4.29,1.55,1.0,1.0
scen1,ed_port_scen1,2880.0,2940.0,92848448#2.33,5.1,15.9,1.17,1.0,0.0
scen1,ed_port_scen1,2880.0,2940.0,E1,12.1,0.97,0.69,1.0,1.0
scen1,ed_port_scen1,2880.0,2940.0,E11,3.49,0.97,2.5,1.0,1.0
scen1,ed_port_scen1,2880.0,2940.0,E12,5.61,4.96,1.39,1.0,1.0
scen1,ed_port_scen1,2880.0,2940.0,E13,5.03,0.62,1.59,1.0,1.0
scen1,ed_port_scen1,2880.0,2940.0,E23,8.09,3.26,1.02,1.0,1.0
scen1,ed_port_scen1,2880.0,2940.0,E24,10.91,5.65,0.76,1.0,1.0
scen1,ed_port_scen1,2880.0,2940.0,E25,10.96,1.83,0.82,1.0,1.0
scen1,ed_port_scen1,2880.0,2940.0,E26,11.31,4.28,1.48,2.0,2.0
scen1,ed_port_scen1,2880.0,2940.0,E27,11.76,5.94,0.71,1.0,1.0
scen1,ed_port_scen1,2880.0,2940.0,E28,11.77,3.83,0.71,1.0,1.0
scen1,ed_port_scen1,2880.0,2940.0,E29,11.44,1.32,0.73,1.0,1.0
scen1,ed_port_scen1,2880.0,2940.0,E3,4.74,8.57,1.64,1.0,1.0
scen1,ed_port_scen1,2880.0,2940.0,E30,11.86,2.03,0.7,1.0,1.0
scen1,ed_port_scen1,2880.0,2940.0,E31,11.91,2.09,0.7,1.0,1.0
scen1,ed_port_scen1,2880.0,2940.0,E32,11.77,0.66,0.71,1.0,1.0
scen1,ed_port_scen1,2880.0,2940.0,E33,11.86,2.88,0.7,1.0,1.0
scen1,ed_port_scen1,2880.0,2940.0,E37,3.33,2.68,0.01,1.0,0.0
scen1,ed_port_scen1,2880.0,2940.0,E4,5.16,1.8,1.54,1.0,1.0
scen1,ed_port_scen1,2880.0,2940.0,E6,6.11,9.3,1.24,1.0,1.0
scen1,ed_port_scen1,2940.0,3000.0,1211925684,13.42,2.87,0.21,1.0,1.0
scen1,ed_port_scen1,2940.0,3000.0,1211925685,2.11,2.66,4.13,3.0,3.0
scen1,ed_port_scen1,2940.0,3000.0,1211925690,12.95,3.05,0.32,1.0,1.0
scen1,ed_port_scen1,2940.0,3000.0,1443544287#0,13.65,0.75,0.3,1.0,1.0
scen1,ed_port_scen1,2940.0,3000.0,1443544287#1,13.28,3.29,0.26,1.0,1.0
scen1,ed_port_scen1,2940.0,3000.0,542415702,13.0,4.66,0.26,2.0,1.0
scen1,ed_port_scen1,2940.0,3000.0,542415708#0,11.31,0.02,0.67,2.0,2.0
scen1,ed_port_scen1,2940.0,3000.0,542415708#1,11.52,0.68,0.72,2.0,2.0
scen1,ed_port_scen1,2940.0,3000.0,542415708#2,12.11,2.1,0.68,2.0,2.0
scen1,ed_port_scen1,2940.0,3000.0,542415708#3,8.85,0.44,0.94,2.0,2.0
scen1,ed_port_scen1,2940.0,3000.0,542415708#4,9.03,0.02,0.92,2.0,2.0
scen1,ed_port_scen1,2940.0,3000.0,542415708#6,10.08,0.23,0.53,2.0,2.0
scen1,ed_port_scen1,2940.0,3000.0,669284456,4.48,12.33,0.93,1.0,1.0
scen1,ed_port_scen1,2940.0,3000.0,669284462,9.72,7.25,1.19,3.0,2.0
scen1,ed_port_scen1,2940.0,3000.0,669871305#0,5.43,0.04,0.17,1.0,1.0
scen1,ed_port_scen1,2940.0,3000.0,669871305#1,5.17,13.77,0.11,1.0,0.0
scen1,ed_port_scen1,2940.0,3000.0,669871307#0,5.45,0.04,0.51,2.0,2.0
scen1,ed_port_scen1,2940.0,3000.0,669871307#1,5.16,27.16,0.42,2.0,1.0
scen1,ed_port_scen1,2940.0,3000.0,669871307#2,5.3,7.25,0.26,1.0,1.0
scen1,ed_port_scen1,2940.0,3000.0,92848448#0,4.41,5.1,1.89,1.0,1.0
scen1,ed_port_scen1,2940.0,3000.0,92848448#1,4.41,28.77,1.88,1.0,1.0
scen1,ed_port_scen1,2940.0,3000.0,92848448#1.170,4.91,22.9,1.69,1.0,1.0
scen1,ed_port_scen1,2940.0,3000.0,92848448#1.291,4.73,2.95,1.77,1.0,1.0
scen1,ed_port_scen1,2940.0,3000.0,92848448#1.312,4.95,18.27,3.05,1.0,2.0
scen1,ed_port_scen1,2940.0,3000.0,92848448#2,5.33,4.32,1.56,2.0,1.0
scen1,ed_port_scen1,2940.0,3000.0,92848448#2.33,5.12,15.88,2.09,1.0,2.0
scen1,ed_port_scen1,2940.0,3000.0,92848448#3,5.35,0.04,3.11,2.0,2.0
scen1,ed_port_scen1,2940.0,3000.0,E1,11.73,1.01,2.12,3.0,3.0
scen1,ed_port_scen1,2940.0,3000.0,E11,3.97,0.66,2.33,1.0,1.0
scen1,ed_port_scen1,2940.0,3000.0,E12,5.56,5.0,1.42,1.0,1.0
scen1,ed_port_scen1,2940.0,3000.0,E13,4.54,0.62,1.79,1.0,1.0
scen1,ed_port_scen1,2940.0,3000.0,E25,8.58,2.4,3.87,4.0,4.0
scen1,ed_port_scen1,2940.0,3000.0,E26,12.35,3.92,2.69,4.0,4.0
scen1,ed_port_scen1,2940.0,3000.0,E27,12.08,5.79,3.45,5.0,5.0
scen1,ed_port_scen1,2940.0,3000.0,E28,12.11,3.73,3.15,5.0,4.0
scen1,ed_port_scen1,2940.0,3000.0,E29,11.76,1.28,2.84,4.0,4.0
scen1,ed_port_scen1,2940.0,3000.0,E30,11.73,2.03,2.45,4.0,3.0
scen1,ed_port_scen1,2940.0,3000.0,E31,11.47,2.18,2.18,3.0,3.0
scen1,ed_port_scen1,2940.0,3000.0,E32,11.69,0.67,2.13,3.0,3.0
scen1,ed_port_scen1,2940.0,3000.0,E33,11.55,2.95,2.17,3.0,3.0
scen1,ed_port_scen1,2940.0,3000.0,E37,5.1,1.86,6.57,3.0,4.0
scen1,ed_port_scen1,2940.0,3000.0,E6,6.14,9.06,3.79,3.0,3.0
scen1,ed_port_scen1,3000.0,3060.0,1211925684,13.33,2.88,1.04,5.0,5.0
scen1,ed_port_scen1,3000.0,3060.0,1211925685,2.42,2.33,2.24,2.0,2.0
scen1,ed_port_scen1,3000.0,3060.0,1211925690,13.01,3.03,1.58,5.0,5.0
scen1,ed_port_scen1,3000.0,3060.0,1443544287#0,13.4,0.77,1.23,4.0,4.0
scen1,ed_port_scen1,3000.0,3060.0,1443544287#1,13.44,3.25,0.87,4.0,5.0
scen1,ed_port_scen1,3000.0,3060.0,542415702,13.29,4.55,0.79,3.0,4.0
scen1,ed_port_scen1,3000.0,3060.0,542415708#0,10.91,0.02,1.1,3.0,3.0
scen1,ed_port_scen1,3000.0,3060.0,542415708#1,13.06,0.61,0.95,3.0,3.0
scen1,ed_port_scen1,3000.0,3060.0,542415708#2,13.06,1.98,0.95,3.0,3.0
scen1,ed_port_scen1,3000.0,3060.0,542415708#3,10.53,0.38,1.19,3.0,3.0
scen1,ed_port_scen1,3000.0,3060.0,542415708#4,11.15,0.02,1.12,3.0,3.0
scen1,ed_port_scen1,3000.0,3060.0,542415708#6,10.99,0.22,1.15,3.0,3.0
scen1,ed_port_scen1,3000.0,3060.0,669284456,4.45,12.37,3.68,5.0,3.0
scen1,ed_port_scen1,3000.0,3060.0,669284462,9.29,7.56,0.95,2.0,3.0
scen1,ed_port_scen1,3000.0,3060.0,669871305#0,4.73,0.04,0.2,1.0,1.0
scen1,ed_port_scen1,3000.0,3060.0,669871305#1,5.14,13.84,0.25,1.0,2.0
scen1,ed_port_scen1,3000.0,3060.0,669871307#0,4.61,0.04,0.3,1.0,1.0
scen1,ed_port_scen1,3000.0,3060.0,669871307#1,5.0,27.99,0.4,1.0,2.0
scen1,ed_port_scen1,3000.0,3060.0,669871307#2,5.1,7.53,0.3,2.0,1.0
scen1,ed_port_scen1,3000.0,3060.0,671267430,4.92,1.53,3.06,2.0,0.0
scen1,ed_port_scen1,3000.0,3060.0,92848448#0,4.44,5.13,5.61,3.0,3.0
scen1,ed_port_scen1,3000.0,3060.0,92848448#1,4.29,29.64,3.69,3.0,0.0
scen1,ed_port_scen1,3000.0,3060.0,92848448#1.170,4.46,25.26,1.87,1.0,1.0
scen1,ed_port_scen1,3000.0,3060.0,92848448#1.291,4.41,3.2,1.87,1.0,1.0
scen1,ed_port_scen1,3000.0,3060.0,92848448#1.312,4.48,20.11,1.37,1.0,0.0
scen1,ed_port_scen1,3000.0,3060.0,92848448#2,4.89,4.7,1.7,0.0,1.0
scen1,ed_port_scen1,3000.0,3060.0,92848448#2.33,4.92,16.56,1.7,1.0,1.0
scen1,ed_port_scen1,3000.0,3060.0,92848448#3,4.68,0.04,1.78,1.0,1.0
scen1,ed_port_scen1,3000.0,3060.0,E1,12.28,0.95,1.35,2.0,2.0
scen1,ed_port_scen1,3000.0,3060.0,E10,5.39,1.03,1.53,1.0,1.0
scen1,ed_port_scen1,3000.0,3060.0,E11,3.54,0.91,2.5,1.0,1.0
scen1,ed_port_scen1,3000.0,3060.0,E12,4.9,5.5,1.6,1.0,1.0
scen1,ed_port_scen1,3000.0,3060.0,E13,4.2,0.8,1.91,1.0,1.0
scen1,ed_port_scen1,3000.0,3060.0,E25,8.27,2.51,1.0,1.0,1.0
scen1,ed_port_scen1,3000.0,3060.0,E26,12.16,3.99,0.68,1.0,1.0
scen1,ed_port_scen1,3000.0,3060.0,E27,11.77,5.98,1.26,2.0,1.0
scen1,ed_port_scen1,3000.0,3060.0,E28,13.34,3.39,0.58,1.0,1.0
scen1,ed_port_scen1,3000.0,3060.0,E29,13.07,1.15,0.64,1.0,1.0
scen1,ed_port_scen1,3000.0,3060.0,E30,13.09,1.82,0.97,1.0,2.0
scen1,ed_port_scen1,3000.0,3060.0,E31,12.97,1.93,1.28,2.0,2.0
scen1,ed_port_scen1,3000.0,3060.0,E32,13.15,0.59,1.27,2.0,2.0
scen1,ed_port_scen1,3000.0,3060.0,E33,13.05,2.61,1.28,2.0,2.0
scen1,ed_port_scen1,3000.0,3060.0,E37,4.72,2.03,1.76,1.0,1.0
scen1,ed_port_scen1,3000.0,3060.0,E6,5.8,9.55,1.35,1.0,1.0
scen1,ed_port_scen1,3000.0,3060.0,E9,5.71,8.18,2.56,2.0,1.0
scen1,ed_port_scen1,3060.0,3120.0,1211925684,13.47,2.85,0.62,3.0,3.0
scen1,ed_port_scen1,3060.0,3120.0,1211925685,2.37,2.34,3.53,3.0,3.0
scen1,ed_port_scen1,3060.0,3120.0,1211925690,13.17,3.01,0.63,2.0,2.0
scen1,ed_port_scen1,3060.0,3120.0,1443544287#0,13.28,0.78,0.94,3.0,3.0
scen1,ed_port_scen1,3060.0,3120.0,1443544287#1,13.43,3.26,0.62,3.0,3.0
scen1,ed_port_scen1,3060.0,3120.0,542415702,13.49,4.48,0.62,3.0,3.0
scen1,ed_port_scen1,3060.0,3120.0,542415708#0,12.46,0.02,1.0,3.0,3.0
scen1,ed_port_scen1,3060.0,3120.0,542415708#1,12.86,0.62,0.97,3.0,3.0
scen1,ed_port_scen1,3060.0,3120.0,542415708#2,13.06,1.99,0.96,3.0,3.0
scen1,ed_port_scen1,3060.0,3120.0,542415708#3,11.8,0.33,1.07,3.0,3.0
scen1,ed_port_scen1,3060.0,3120.0,542415708#4,12.37,0.02,1.01,3.0,3.0
scen1,ed_port_scen1,3060.0,3120.0,542415708#6,12.38,0.2,1.0,3.0,3.0
scen1,ed_port_scen1,3060.0,3120.0,669284456,5.23,10.47,1.41,1.0,2.0
scen1,ed_port_scen1,3060.0,3120.0,669284462,9.67,7.27,1.26,3.0,3.0
scen1,ed_port_scen1,3060.0,3120.0,669871305#0,4.7,0.04,0.2,1.0,1.0
scen1,ed_port_scen1,3060.0,3120.0,669871305#1,4.93,14.47,0.19,1.0,1.0
scen1,ed_port_scen1,3060.0,3120.0,669871307#0,4.78,0.04,0.29,1.0,1.0
scen1,ed_port_scen1,3060.0,3120.0,669871307#1,4.43,31.69,0.19,1.0,0.0
scen1,ed_port_scen1,3060.0,3120.0,669871307#2,4.97,7.61,0.25,0.0,1.0
scen1,ed_port_scen1,3060.0,3120.0,671267430,5.08,1.49,1.57,1.0,0.0
scen1,ed_port_scen1,3060.0,3120.0,92848448#0,4.81,4.75,3.46,2.0,2.0
scen1,ed_port_scen1,3060.0,3120.0,92848448#1,4.66,27.13,5.55,2.0,5.0
scen1,ed_port_scen1,3060.0,3120.0,92848448#1.170,4.4,25.56,7.0,5.0,3.0
scen1,ed_port_scen1,3060.0,3120.0,92848448#1.291,4.21,3.35,5.46,3.0,2.0
scen1,ed_port_scen1,3060.0,3120.0,92848448#1.312,4.21,21.51,1.63,2.0,1.0
scen1,ed_port_scen1,3060.0,3120.0,92848448#2,4.49,5.11,1.86,1.0,1.0
scen1,ed_port_scen1,3060.0,3120.0,92848448#2.33,4.4,18.44,1.9,1.0,1.0
scen1,ed_port_scen1,3060.0,3120.0,92848448#3,4.24,0.04,1.97,1.0,1.0
scen1,ed_port_scen1,3060.0,3120.0,E1,12.77,0.91,1.93,3.0,3.0
scen1,ed_port_scen1,3060.0,3120.0,E10,5.99,0.93,1.37,1.0,1.0
scen1,ed_port_scen1,3060.0,3120.0,E11,3.32,0.96,13.18,5.0,5.0
scen1,ed_port_scen1,3060.0,3120.0,E12,5.23,5.27,7.42,5.0,5.0
scen1,ed_port_scen1,3060.0,3120.0,E13,4.44,0.66,9.06,5.0,5.0
scen1,ed_port_scen1,3060.0,3120.0,E27,11.93,5.91,0.83,1.0,2.0
scen1,ed_port_scen1,3060.0,3120.0,E28,13.02,3.48,1.59,2.0,3.0
scen1,ed_port_scen1,3060.0,3120.0,E29,12.85,1.17,1.95,3.0,3.0
scen1,ed_port_scen1,3060.0,3120.0,E30,13.14,1.83,1.9,3.0,3.0
scen1,ed_port_scen1,3060.0,3120.0,E31,13.1,1.9,1.91,3.0,3.0
scen1,ed_port_scen1,3060.0,3120.0,E32,12.94,0.6,1.93,3.0,3.0
scen1,ed_port_scen1,3060.0,3120.0,E33,13.09,2.6,1.91,3.0,3.0
scen1,ed_port_scen1,3060.0,3120.0,E9,4.94,9.54,1.7,2.0,1.0
scen1,ed_port_scen1,3120.0,3180.0,1211925684,13.66,2.81,0.09,1.0,0.0
scen1,ed_port_scen1,3120.0,3180.0,1211925685,2.28,2.45,2.41,2.0,2.0
scen1,ed_port_scen1,3120.0,3180.0,1211925690,13.5,2.99,0.31,1.0,1.0
scen1,ed_port_scen1,3120.0,3180.0,1443544287#0,13.39,0.78,0.62,2.0,2.0
scen1,ed_port_scen1,3120.0,3180.0,1443544287#1,13.29,3.29,0.23,2.0,1.0
scen1,ed_port_scen1,3120.0,3180.0,542415702,13.66,4.41,0.41,2.0,2.0
scen1,ed_port_scen1,3120.0,3180.0,542415708#0,12.19,0.02,0.68,2.0,2.0
scen1,ed_port_scen1,3120.0,3180.0,542415708#1,13.29,0.59,0.63,2.0,2.0
scen1,ed_port_scen1,3120.0,3180.0,542415708#2,13.55,1.91,0.61,2.0,2.0
scen1,ed_port_scen1,3120.0,3180.0,542415708#3,11.4,0.34,0.73,2.0,2.0
scen1,ed_port_scen1,3120.0,3180.0,542415708#4,11.54,0.02,0.72,2.0,2.0
scen1,ed_port_scen1,3120.0,3180.0,542415708#6,12.12,0.21,0.69,2.0,2.0
scen1,ed_port_scen1,3120.0,3180.0,669284456,5.23,10.51,1.83,2.0,3.0
scen1,ed_port_scen1,3120.0,3180.0,669284462,9.4,7.52,0.87,2.0,2.0
scen1,ed_port_scen1,3120.0,3180.0,669871305#0,4.47,0.04,0.21,1.0,1.0
scen1,ed_port_scen1,3120.0,3180.0,669871305#1,4.47,15.89,0.21,1.0,1.0
scen1,ed_port_scen1,3120.0,3180.0,669871307#0,4.23,0.05,0.98,3.0,3.0
scen1,ed_port_scen1,3120.0,3180.0,669871307#1,4.33,32.47,0.24,3.0,1.0
scen1,ed_port_scen1,3120.0,3180.0,669871307#2,4.45,8.59,0.31,1.0,1.0
scen1,ed_port_scen1,3120.0,3180.0,671267430,4.51,1.66,1.46,1.0,0.0
scen1,ed_port_scen1,3120.0,3180.0,92848448#0,4.98,4.59,5.02,3.0,3.0
scen1,ed_port_scen1,3120.0,3180.0,92848448#1,4.98,25.41,5.01,3.0,3.0
scen1,ed_port_scen1,3120.0,3180.0,92848448#1.170,5.35,21.06,3.64,2.0,3.0
scen1,ed_port_scen1,3120.0,3180.0,92848448#1.291,4.75,2.94,4.02,3.0,3.0
scen1,ed_port_scen1,3120.0,3180.0,92848448#1.312,4.48,20.12,8.27,3.0,5.0
scen1,ed_port_scen1,3120.0,3180.0,92848448#2,4.33,5.3,9.64,5.0,5.0
scen1,ed_port_scen1,3120.0,3180.0,92848448#2.33,4.32,18.72,8.11,5.0,3.0
scen1,ed_port_scen1,3120.0,3180.0,92848448#3,4.13,0.05,6.04,3.0,3.0
scen1,ed_port_scen1,3120.0,3180.0,E1,13.56,0.86,1.21,2.0,2.0
scen1,ed_port_scen1,3120.0,3180.0,E10,5.18,1.09,3.16,3.0,2.0
scen1,ed_port_scen1,3120.0,3180.0,E11,4.07,0.78,6.41,3.0,3.0
scen1,ed_port_scen1,3120.0,3180.0,E12,5.67,4.86,4.13,3.0,3.0
scen1,ed_port_scen1,3120.0,3180.0,E13,4.36,0.7,3.9,3.0,2.0
scen1,ed_port_scen1,3120.0,3180.0,E27,11.15,6.35,1.47,2.0,2.0
scen1,ed_port_scen1,3120.0,3180.0,E28,13.52,3.35,1.23,2.0,2.0
scen1,ed_port_scen1,3120.0,3180.0,E29,13.6,1.11,1.22,2.0,2.0
scen1,ed_port_scen1,3120.0,3180.0,E30,13.31,1.8,1.25,2.0,2.0
scen1,ed_port_scen1,3120.0,3180.0,E31,13.29,1.87,1.25,2.0,2.0
scen1,ed_port_scen1,3120.0,3180.0,E32,13.29,0.59,1.26,2.0,2.0
scen1,ed_port_scen1,3120.0,3180.0,E33,13.62,2.49,1.22,2.0,2.0
scen1,ed_port_scen1,3120.0,3180.0,E9,5.62,7.96,2.79,1.0,3.0
scen1,ed_port_scen1,3180.0,3240.0,1211925684,13.78,2.79,0.47,2.0,2.0
scen1,ed_port_scen1,3180.0,3240.0,1211925685,2.5,2.27,1.05,1.0,1.0
scen1,ed_port_scen1,3180.0,3240.0,1211925690,13.17,3.01,0.63,2.0,2.0
scen1,ed_port_scen1,3180.0,3240.0,1443544287#0,13.23,0.8,0.32,1.0,1.0
scen1,ed_port_scen1,3180.0,3240.0,1443544287#1,13.29,3.3,0.4,1.0,2.0
scen1,ed_port_scen1,3180.0,3240.0,542415702,13.42,4.51,0.21,1.0,1.0
scen1,ed_port_scen1,3180.0,3240.0,542415708#0,12.06,0.02,0.35,1.0,1.0
scen1,ed_port_scen1,3180.0,3240.0,542415708#1,13.59,0.58,0.31,1.0,1.0
scen1,ed_port_scen1,3180.0,3240.0,542415708#2,12.89,2.0,0.32,1.0,1.0
scen1,ed_port_scen1,3180.0,3240.0,542415708#3,10.75,0.37,0.39,1.0,1.0
scen1,ed_port_scen1,3180.0,3240.0,542415708#4,10.93,0.02,0.38,1.0,1.0
scen1,ed_port_scen1,3180.0,3240.0,542415708#6,11.79,0.22,0.35,1.0,1.0
scen1,ed_port_scen1,3180.0,3240.0,669284456,5.61,9.78,1.48,2.0,2.0
scen1,ed_port_scen1,3180.0,3240.0,669284462,9.43,7.44,0.43,1.0,1.0
scen1,ed_port_scen1,3180.0,3240.0,669871305#0,4.21,0.05,1.1,5.0,5.0
scen1,ed_port_scen1,3180.0,3240.0,669871305#1,4.13,17.24,0.63,5.0,0.0
scen1,ed_port_scen1,3180.0,3240.0,669871307#0,5.32,0.04,0.78,3.0,3.0
scen1,ed_port_scen1,3180.0,3240.0,669871307#1,4.63,29.43,1.56,3.0,5.0
scen1,ed_port_scen1,3180.0,3240.0,669871307#2,4.19,9.21,1.56,5.0,5.0
scen1,ed_port_scen1,3180.0,3240.0,92848448#0,4.91,4.64,3.42,2.0,2.0
scen1,ed_port_scen1,3180.0,3240.0,92848448#1,5.18,24.44,3.21,2.0,2.0
scen1,ed_port_scen1,3180.0,3240.0,92848448#1.170,4.67,24.12,3.51,1.0,2.0
scen1,ed_port_scen1,3180.0,3240.0,92848448#1.291,5.1,2.74,4.87,2.0,3.0
scen1,ed_port_scen1,3180.0,3240.0,92848448#1.312,5.04,17.85,4.95,3.0,3.0
scen1,ed_port_scen1,3180.0,3240.0,92848448#2,5.11,4.46,4.9,3.0,3.0
scen1,ed_port_scen1,3180.0,3240.0,92848448#2.33,5.34,15.06,2.92,2.0,3.0
scen1,ed_port_scen1,3180.0,3240.0,92848448#3,5.4,0.04,4.63,3.0,3.0
scen1,ed_port_scen1,3180.0,3240.0,E1,12.89,0.9,0.64,1.0,1.0
scen1,ed_port_scen1,3180.0,3240.0,E10,4.66,1.23,1.77,0.0,1.0
scen1,ed_port_scen1,3180.0,3240.0,E11,3.8,0.81,4.59,2.0,2.0
scen1,ed_port_scen1,3180.0,3240.0,E12,5.72,4.97,2.44,2.0,1.0
scen1,ed_port_scen1,3180.0,3240.0,E13,4.52,0.67,3.39,1.0,2.0
scen1,ed_port_scen1,3180.0,3240.0,E27,10.92,6.5,0.75,1.0,1.0
scen1,ed_port_scen1,3180.0,3240.0,E28,13.45,3.37,0.62,1.0,1.0
scen1,ed_port_scen1,3180.0,3240.0,E29,13.51,1.11,0.62,1.0,1.0
scen1,ed_port_scen1,3180.0,3240.0,E30,13.38,1.79,0.62,1.0,1.0
scen1,ed_port_scen1,3180.0,3240.0,E31,13.41,1.85,0.62,1.0,1.0
scen1,ed_port_scen1,3180.0,3240.0,E32,13.17,0.59,0.64,1.0,1.0
scen1,ed_port_scen1,3180.0,3240.0,E33,13.27,2.56,0.63,1.0,1.0
scen1,ed_port_scen1,3180.0,3240.0,E9,3.92,,0.03,0.0,0.0
scen1,ed_port_scen1,3240.0,3300.0,1211925684,13.15,2.92,0.04,0.0,1.0
scen1,ed_port_scen1,3240.0,3300.0,1211925690,13.29,2.96,0.31,1.0,1.0
scen1,ed_port_scen1,3240.0,3300.0,669284456,5.1,10.82,0.82,1.0,1.0
scen1,ed_port_scen1,3240.0,3300.0,669871305#0,6.37,0.03,0.15,1.0,1.0
scen1,ed_port_scen1,3240.0,3300.0,669871305#1,4.69,14.98,0.63,1.0,6.0
scen1,ed_port_scen1,3240.0,3300.0,669871307#0,4.49,0.05,0.62,2.0,2.0
scen1,ed_port_scen1,3240.0,3300.0,669871307#1,5.29,26.52,0.62,2.0,3.0
scen1,ed_port_scen1,3240.0,3300.0,669871307#2,5.44,7.05,0.69,3.0,2.0
scen1,ed_port_scen1,3240.0,3300.0,671267430,4.91,1.53,9.35,6.0,0.0
scen1,ed_port_scen1,3240.0,3300.0,92848448#0,5.08,4.47,1.64,1.0,1.0
scen1,ed_port_scen1,3240.0,3300.0,92848448#1,4.91,25.82,1.7,1.0,1.0
scen1,ed_port_scen1,3240.0,3300.0,92848448#1.170,5.17,21.84,3.23,2.0,2.0
scen1,ed_port_scen1,3240.0,3300.0,92848448#1.291,5.17,2.74,3.2,2.0,2.0
scen1,ed_port_scen1,3240.0,3300.0,92848448#1.312,5.07,17.79,3.29,2.0,2.0
scen1,ed_port_scen1,3240.0,3300.0,92848448#2,5.11,4.55,3.28,2.0,2.0
scen1,ed_port_scen1,3240.0,3300.0,92848448#2.33,4.65,17.46,4.18,3.0,2.0
scen1,ed_port_scen1,3240.0,3300.0,92848448#3,4.64,0.04,3.59,2.0,2.0
scen1,ed_port_scen1,3240.0,3300.0,E11,4.38,0.64,2.13,1.0,1.0
scen1,ed_port_scen1,3240.0,3300.0,E12,5.19,5.26,1.86,1.0,2.0
scen1,ed_port_scen1,3240.0,3300.0,E13,4.89,0.6,3.21,2.0,2.0
scen1,ed_port_scen1,3300.0,3360.0,669871305#0,5.28,0.04,0.7,4.0,4.0
scen1,ed_port_scen1,3300.0,3360.0,669871305#1,5.31,13.42,0.41,3.0,2.0
scen1,ed_port_scen1,3300.0,3360.0,669871307#0,5.09,0.04,0.55,2.0,2.0
scen1,ed_port_scen1,3300.0,3360.0,669871307#1,5.48,25.61,0.51,2.0,2.0
scen1,ed_port_scen1,3300.0,3360.0,669871307#2,5.3,7.18,0.6,2.0,3.0
scen1,ed_port_scen1,3300.0,3360.0,671267430,5.1,1.48,2.82,2.0,0.0
scen1,ed_port_scen1,3300.0,3360.0,92848448#1.170,5.11,22.11,1.63,1.0,1.0
scen1,ed_port_scen1,3300.0,3360.0,92848448#1.291,5.12,2.71,1.61,1.0,1.0
scen1,ed_port_scen1,3300.0,3360.0,92848448#1.312,4.99,18.02,1.67,1.0,1.0
scen1,ed_port_scen1,3300.0,3360.0,92848448#2,5.12,4.54,1.62,1.0,1.0
scen1,ed_port_scen1,3300.0,3360.0,92848448#2.33,5.04,16.06,3.02,1.0,2.0
scen1,ed_port_scen1,3300.0,3360.0,92848448#3,4.92,0.04,3.39,2.0,2.0
scen1,ed_port_scen1,3300.0,3360.0,E13,4.69,,0.06,0.0,0.0
scen1,ed_port_scen1,3360.0,3420.0,669871305#0,4.59,0.04,0.13,1.0,1.0
scen1,ed_port_scen1,3360.0,3420.0,669871305#1,5.5,12.99,0.28,1.0,2.0
scen1,ed_port_scen1,3360.0,3420.0,669871307#0,5.06,0.04,0.27,1.0,1.0
scen1,ed_port_scen1,3360.0,3420.0,669871307#1,5.04,27.76,0.28,1.0,1.0
scen1,ed_port_scen1,3360.0,3420.0,669871307#2,4.84,7.96,0.29,1.0,1.0
scen1,ed_port_scen1,3360.0,3420.0,671267430,5.69,1.34,2.5,2.0,0.0
scen1,ed_port_scen1,3360.0,3420.0,92848448#2.33,5.01,16.14,1.27,0.0,1.0
scen1,ed_port_scen1,3360.0,3420.0,92848448#3,5.14,0.04,1.62,1.0,1.0
scen1,ed_port_scen1,3420.0,3480.0,669871305#0,4.9,,0.07,0.0,0.0
scen1,ed_port_scen1,3420.0,3480.0,669871305#1,5.15,13.73,0.18,1.0,1.0
scen1,ed_port_scen1,3420.0,3480.0,671267430,5.21,1.41,1.46,1.0,0.0
